CREATE DATABASE  IF NOT EXISTS `finance_dashboard` /*!40100 DEFAULT CHARACTER SET latin1 */;
USE `finance_dashboard`;
-- MySQL dump 10.13  Distrib 8.0.17, for macos10.14 (x86_64)
--
-- Host: localhost    Database: finance_dashboard
-- ------------------------------------------------------
-- Server version	5.7.27

/*!40101 SET @OLD_CHARACTER_SET_CLIENT=@@CHARACTER_SET_CLIENT */;
/*!40101 SET @OLD_CHARACTER_SET_RESULTS=@@CHARACTER_SET_RESULTS */;
/*!40101 SET @OLD_COLLATION_CONNECTION=@@COLLATION_CONNECTION */;
/*!50503 SET NAMES utf8 */;
/*!40103 SET @OLD_TIME_ZONE=@@TIME_ZONE */;
/*!40103 SET TIME_ZONE='+00:00' */;
/*!40014 SET @OLD_UNIQUE_CHECKS=@@UNIQUE_CHECKS, UNIQUE_CHECKS=0 */;
/*!40014 SET @OLD_FOREIGN_KEY_CHECKS=@@FOREIGN_KEY_CHECKS, FOREIGN_KEY_CHECKS=0 */;
/*!40101 SET @OLD_SQL_MODE=@@SQL_MODE, SQL_MODE='NO_AUTO_VALUE_ON_ZERO' */;
/*!40111 SET @OLD_SQL_NOTES=@@SQL_NOTES, SQL_NOTES=0 */;

--
-- Table structure for table `auth_assignment`
--

DROP TABLE IF EXISTS `auth_assignment`;
/*!40101 SET @saved_cs_client     = @@character_set_client */;
/*!50503 SET character_set_client = utf8mb4 */;
CREATE TABLE `auth_assignment` (
  `item_name` varchar(64) COLLATE utf8_unicode_ci NOT NULL,
  `user_id` varchar(64) COLLATE utf8_unicode_ci NOT NULL,
  `created_at` int(11) DEFAULT NULL,
  PRIMARY KEY (`item_name`,`user_id`),
  CONSTRAINT `auth_assignment_ibfk_1` FOREIGN KEY (`item_name`) REFERENCES `auth_item` (`name`) ON DELETE CASCADE ON UPDATE CASCADE
) ENGINE=InnoDB DEFAULT CHARSET=utf8 COLLATE=utf8_unicode_ci;
/*!40101 SET character_set_client = @saved_cs_client */;

--
-- Dumping data for table `auth_assignment`
--

LOCK TABLES `auth_assignment` WRITE;
/*!40000 ALTER TABLE `auth_assignment` DISABLE KEYS */;
INSERT INTO `auth_assignment` VALUES ('account_manager','12',1513704448),('admin','1',1497365443),('admin','3',1497040265),('admin','7',1498598179),('creative_director','10',1499781896),('finance','4',1497548991),('finance','8',1499282751),('sales','13',1513604758),('sales','14',1513604736),('sales','16',1513630557),('sales','18',1515007087),('sales_manager','15',1513604664),('sales_manager','9',1499780902);
/*!40000 ALTER TABLE `auth_assignment` ENABLE KEYS */;
UNLOCK TABLES;

--
-- Table structure for table `auth_item`
--

DROP TABLE IF EXISTS `auth_item`;
/*!40101 SET @saved_cs_client     = @@character_set_client */;
/*!50503 SET character_set_client = utf8mb4 */;
CREATE TABLE `auth_item` (
  `name` varchar(64) COLLATE utf8_unicode_ci NOT NULL,
  `type` smallint(6) NOT NULL,
  `description` text COLLATE utf8_unicode_ci,
  `rule_name` varchar(64) COLLATE utf8_unicode_ci DEFAULT NULL,
  `data` blob,
  `created_at` int(11) DEFAULT NULL,
  `updated_at` int(11) DEFAULT NULL,
  PRIMARY KEY (`name`),
  KEY `rule_name` (`rule_name`),
  KEY `idx-auth_item-type` (`type`),
  CONSTRAINT `auth_item_ibfk_1` FOREIGN KEY (`rule_name`) REFERENCES `auth_rule` (`name`) ON DELETE SET NULL ON UPDATE CASCADE
) ENGINE=InnoDB DEFAULT CHARSET=utf8 COLLATE=utf8_unicode_ci;
/*!40101 SET character_set_client = @saved_cs_client */;

--
-- Dumping data for table `auth_item`
--

LOCK TABLES `auth_item` WRITE;
/*!40000 ALTER TABLE `auth_item` DISABLE KEYS */;
INSERT INTO `auth_item` VALUES ('account_manager',1,'Account Manager Role',NULL,NULL,1513692443,1513692443),('admin',1,'Admin Rol',NULL,NULL,1497040074,1513372614),('business-model/admin',2,'Business Model Admin',NULL,NULL,1497039275,1497039296),('business-model/bulkDelete',2,'Business model bulk delete',NULL,NULL,1496943314,1496943314),('business-model/create',2,'Business model create',NULL,NULL,1496943255,1496943255),('business-model/delete',2,'Business model delete',NULL,NULL,1496943298,1496943298),('business-model/index',2,'Business Model Index',NULL,NULL,1496870086,1496870086),('business-model/update',2,'Business model update',NULL,NULL,1496943274,1496943274),('business-model/view',2,'Business model view',NULL,NULL,1496943285,1496943285),('consolidated/admin',2,'Consolidated admin',NULL,NULL,1496867975,1496867975),('cost-category/admin',2,'Cost category ADMIN Permission',NULL,NULL,1497279688,1497279688),('cost-category/bulkDelete',2,'Cost category bulk delete',NULL,NULL,1496937403,1496937403),('cost-category/create',2,'Cost category create',NULL,NULL,1496937454,1496937454),('cost-category/delete',2,'Cost category delete',NULL,NULL,1496937428,1496937428),('cost-category/index',2,'Cost category index',NULL,NULL,1496937440,1496937440),('cost-category/update',2,'Cost category update',NULL,NULL,1496937487,1496937487),('cost-category/view',2,'Cost category view',NULL,NULL,1496937466,1496937466),('creative_director',1,'Rol Creative Director',NULL,NULL,1499781281,1499781281),('director',1,'Rol Director',NULL,NULL,1496867903,1496867991),('finance',1,'Rol Finance',NULL,NULL,1496867918,1497549141),('fixed-cost/admin',2,'Fixed cost ADMIN Permission',NULL,NULL,1497279818,1497549838),('fixed-cost/bulkDelete',2,'Fixed cost bulk delete',NULL,NULL,1496937328,1496937328),('fixed-cost/create',2,'Fixed cost create',NULL,NULL,1496937274,1496937274),('fixed-cost/delete',2,'Fixed cost delete',NULL,NULL,1496937304,1496937304),('fixed-cost/index',2,'Fixed cost index',NULL,NULL,1496937129,1496937129),('fixed-cost/update',2,'Fixed cost update',NULL,NULL,1496937287,1496937287),('fixed-cost/view',2,'Fixed cost view',NULL,NULL,1496937246,1496937246),('sales',1,'Sales role',NULL,NULL,1513366251,1515443329),('sales_manager',1,'Rol Sales Manager',NULL,NULL,1499780848,1513605012),('user-has-business-model/admin',2,'user-has-business-model/admin',NULL,NULL,1497039219,1508353638),('user-has-business-model/bulkDelete',2,'user-has-business-model/bulkDelete',NULL,_binary '?',1496777321,1496859336),('user-has-business-model/create',2,'user-has-business-model/create',NULL,_binary '?',1496777151,1496859370),('user-has-business-model/delete',2,'user-has-business-model/delete',NULL,_binary '?',1496777377,1496859382),('user-has-business-model/index',2,'user-has-business-model/index',NULL,_binary '?',1496777424,1496859400),('user-has-business-model/update',2,'user-has-business-model/update',NULL,_binary '?',1496777278,1496859416),('user/admin',2,'user/admin',NULL,_binary '?',1497039219,1497039479),('user/bulkDelete',2,'user/bulkDelete',NULL,_binary '?',1496777321,1496859336),('user/create',2,'user/create',NULL,_binary '?',1496777151,1496859370),('user/delete',2,'user/delete',NULL,_binary '?',1496777377,1496859382),('user/index',2,'user/index',NULL,_binary '?',1496777424,1496859400),('user/update',2,'user/update',NULL,_binary '?',1496777278,1496859416);
/*!40000 ALTER TABLE `auth_item` ENABLE KEYS */;
UNLOCK TABLES;

--
-- Table structure for table `auth_item_child`
--

DROP TABLE IF EXISTS `auth_item_child`;
/*!40101 SET @saved_cs_client     = @@character_set_client */;
/*!50503 SET character_set_client = utf8mb4 */;
CREATE TABLE `auth_item_child` (
  `parent` varchar(64) COLLATE utf8_unicode_ci NOT NULL,
  `child` varchar(64) COLLATE utf8_unicode_ci NOT NULL,
  PRIMARY KEY (`parent`,`child`),
  KEY `child` (`child`),
  CONSTRAINT `auth_item_child_ibfk_1` FOREIGN KEY (`parent`) REFERENCES `auth_item` (`name`) ON DELETE CASCADE ON UPDATE CASCADE,
  CONSTRAINT `auth_item_child_ibfk_2` FOREIGN KEY (`child`) REFERENCES `auth_item` (`name`) ON DELETE CASCADE ON UPDATE CASCADE
) ENGINE=InnoDB DEFAULT CHARSET=utf8 COLLATE=utf8_unicode_ci;
/*!40101 SET character_set_client = @saved_cs_client */;

--
-- Dumping data for table `auth_item_child`
--

LOCK TABLES `auth_item_child` WRITE;
/*!40000 ALTER TABLE `auth_item_child` DISABLE KEYS */;
INSERT INTO `auth_item_child` VALUES ('admin','business-model/admin'),('finance','business-model/admin'),('business-model/admin','business-model/bulkDelete'),('business-model/admin','business-model/create'),('business-model/admin','business-model/delete'),('business-model/admin','business-model/index'),('business-model/admin','business-model/update'),('business-model/admin','business-model/view'),('admin','client-type/admin'),('admin','consolidated/admin'),('creative_director','consolidated/admin'),('director','consolidated/admin'),('finance','consolidated/admin'),('admin','contact/admin'),('admin','cost-category/admin'),('finance','cost-category/admin'),('cost-category/admin','cost-category/bulkDelete'),('cost-category/admin','cost-category/create'),('cost-category/admin','cost-category/delete'),('cost-category/admin','cost-category/index'),('cost-category/admin','cost-category/update'),('cost-category/admin','cost-category/view'),('admin','crm/admin'),('sales','crm/admin'),('sales','crm/branding'),('admin','fixed-cost/admin'),('finance','fixed-cost/admin'),('fixed-cost/admin','fixed-cost/bulkDelete'),('fixed-cost/admin','fixed-cost/create'),('fixed-cost/admin','fixed-cost/delete'),('fixed-cost/admin','fixed-cost/index'),('fixed-cost/admin','fixed-cost/update'),('fixed-cost/admin','fixed-cost/view'),('sales_manager','kpi/admin'),('sales','prospect/admin'),('providers/admin','providers/bulkDelete'),('providers/admin','providers/create'),('providers/admin','providers/delete'),('providers/admin','providers/index'),('providers/admin','providers/update'),('providers/admin','providers/view'),('publishers/admin','publishers/bulkDelete'),('publishers/admin','publishers/create'),('publishers/admin','publishers/delete'),('publishers/admin','publishers/index'),('publishers/admin','publishers/update'),('publishers/admin','publishers/view'),('sales_manager','sales'),('admin','sales_manager'),('admin','type-crm/admin'),('admin','user-has-business-model/admin'),('user-has-business-model/admin','user-has-business-model/bulkDelete'),('user-has-business-model/admin','user-has-business-model/create'),('user-has-business-model/admin','user-has-business-model/delete'),('user-has-business-model/admin','user-has-business-model/index'),('user-has-business-model/admin','user-has-business-model/update'),('admin','user/admin'),('user/admin','user/bulkDelete'),('user/admin','user/create'),('user/admin','user/delete'),('user/admin','user/index'),('user/admin','user/update');
/*!40000 ALTER TABLE `auth_item_child` ENABLE KEYS */;
UNLOCK TABLES;

--
-- Table structure for table `auth_rule`
--

DROP TABLE IF EXISTS `auth_rule`;
/*!40101 SET @saved_cs_client     = @@character_set_client */;
/*!50503 SET character_set_client = utf8mb4 */;
CREATE TABLE `auth_rule` (
  `name` varchar(64) COLLATE utf8_unicode_ci NOT NULL,
  `data` blob,
  `created_at` int(11) DEFAULT NULL,
  `updated_at` int(11) DEFAULT NULL,
  PRIMARY KEY (`name`)
) ENGINE=InnoDB DEFAULT CHARSET=utf8 COLLATE=utf8_unicode_ci;
/*!40101 SET character_set_client = @saved_cs_client */;

--
-- Dumping data for table `auth_rule`
--

LOCK TABLES `auth_rule` WRITE;
/*!40000 ALTER TABLE `auth_rule` DISABLE KEYS */;
/*!40000 ALTER TABLE `auth_rule` ENABLE KEYS */;
UNLOCK TABLES;

--
-- Table structure for table `business_model`
--

DROP TABLE IF EXISTS `business_model`;
/*!40101 SET @saved_cs_client     = @@character_set_client */;
/*!50503 SET character_set_client = utf8mb4 */;
CREATE TABLE `business_model` (
  `id` int(11) NOT NULL AUTO_INCREMENT,
  `business_model` varchar(45) COLLATE utf8_bin DEFAULT NULL,
  PRIMARY KEY (`id`)
) ENGINE=InnoDB AUTO_INCREMENT=8 DEFAULT CHARSET=utf8 COLLATE=utf8_bin;
/*!40101 SET character_set_client = @saved_cs_client */;

--
-- Dumping data for table `business_model`
--

LOCK TABLES `business_model` WRITE;
/*!40000 ALTER TABLE `business_model` DISABLE KEYS */;
INSERT INTO `business_model` VALUES (1,'B1'),(2,'MB'),(3,'P'),(4,'Diseño'),(5,'IT'),(6,'Administración'),(7,'Empresa');
/*!40000 ALTER TABLE `business_model` ENABLE KEYS */;
UNLOCK TABLES;

--
-- Table structure for table `consolidated`
--

DROP TABLE IF EXISTS `consolidated`;
/*!40101 SET @saved_cs_client     = @@character_set_client */;
/*!50503 SET character_set_client = utf8mb4 */;
CREATE TABLE `consolidated` (
  `id` int(11) NOT NULL AUTO_INCREMENT,
  `period` date NOT NULL,
  `revenue_server` decimal(11,2) DEFAULT NULL,
  `revenue_transaction` decimal(11,2) DEFAULT NULL,
  `agency_commission` decimal(11,2) DEFAULT NULL,
  `revenue_to_validate` decimal(11,2) DEFAULT NULL,
  `revenue_validated` decimal(11,2) DEFAULT NULL,
  `revenue_invoiced` decimal(11,2) DEFAULT NULL,
  `revenue_manual` decimal(11,2) DEFAULT NULL,
  `spend_server` decimal(11,2) DEFAULT NULL,
  `spend_off` decimal(11,2) DEFAULT NULL,
  `spend_transaction` decimal(11,2) DEFAULT NULL,
  `spend_to_validate` decimal(11,2) DEFAULT NULL,
  `spend_validated` decimal(11,2) DEFAULT NULL,
  `spend_invoiced` decimal(11,2) DEFAULT NULL,
  `spend_manual` decimal(11,2) DEFAULT NULL,
  `profit_manual` decimal(11,2) DEFAULT NULL,
  `objective_revenue` decimal(11,2) DEFAULT NULL,
  `objective_profit` decimal(11,2) DEFAULT NULL,
  `business_model_id` int(11) NOT NULL,
  PRIMARY KEY (`id`),
  KEY `fk_consolidated_business_model1_idx` (`business_model_id`),
  CONSTRAINT `fk_consolidated_business_model1` FOREIGN KEY (`business_model_id`) REFERENCES `business_model` (`id`) ON DELETE NO ACTION ON UPDATE NO ACTION
) ENGINE=InnoDB AUTO_INCREMENT=193 DEFAULT CHARSET=utf8 COLLATE=utf8_bin;
/*!40101 SET character_set_client = @saved_cs_client */;

--
-- Dumping data for table `consolidated`
--

LOCK TABLES `consolidated` WRITE;
/*!40000 ALTER TABLE `consolidated` DISABLE KEYS */;
INSERT INTO `consolidated` VALUES (49,'2020-01-01',47163.96,-5984.25,745.34,40434.36,40434.36,40428.56,NULL,27289.50,0.00,9.31,27298.80,27120.25,19010.87,NULL,NULL,78125.00,25700.00,3),(50,'2020-01-01',44626.81,NULL,5993.57,38633.24,38633.24,38633.24,NULL,10113.49,0.00,1732.04,11845.53,11845.53,2393.56,NULL,NULL,35942.40,29952.00,1),(51,'2020-01-01',16108.90,-235.40,NULL,15873.50,15873.50,15868.56,NULL,11692.04,0.00,41.83,11733.87,10693.63,9892.86,NULL,NULL,18000.00,10000.00,2),(52,'2020-02-01',52994.78,NULL,3525.83,49468.94,49468.94,49468.94,NULL,10777.20,0.00,1872.95,12650.15,12099.21,2000.13,NULL,NULL,45619.20,38016.00,1),(53,'2020-02-01',18936.21,-12.40,NULL,18923.81,18923.81,18836.87,NULL,14376.94,0.00,79.58,14456.52,14089.78,13105.94,NULL,NULL,21600.00,12000.00,2),(54,'2020-02-01',43096.92,403.40,955.41,42544.90,42544.90,42508.50,NULL,30315.21,0.00,-83.00,30232.21,29974.12,11949.36,NULL,NULL,78125.00,25700.00,3),(55,'2020-03-01',28136.75,NULL,0.00,28136.75,28136.75,28136.75,NULL,8330.60,0.00,2116.00,10446.60,10446.60,0.00,NULL,NULL,55296.00,46080.00,1),(56,'2020-03-01',42024.53,-87.79,NULL,41936.74,41936.74,41892.36,NULL,32994.14,0.00,557.06,33551.20,33132.49,31152.72,NULL,NULL,27000.00,15000.00,2),(57,'2020-03-01',34389.40,-1265.07,0.00,33124.32,32882.26,32722.16,NULL,27079.73,0.00,55.29,27135.03,26985.08,0.00,NULL,NULL,78125.00,25700.00,3),(58,'2020-04-01',54787.55,NULL,1923.71,52863.84,50463.63,50463.63,NULL,15287.22,0.00,2827.81,18115.03,18115.03,0.00,NULL,NULL,73263.68,61053.00,1),(59,'2020-04-01',36552.62,-377.52,NULL,36175.10,36175.10,36071.39,NULL,28413.96,0.00,-336.08,28077.88,27736.96,24670.50,NULL,NULL,36000.00,20000.00,2),(60,'2020-04-01',17549.13,183.03,0.00,17732.15,17535.23,17482.15,NULL,12923.85,0.00,0.00,12923.85,12884.65,0.00,NULL,NULL,78125.00,25700.00,3),(67,'2020-05-01',51195.44,NULL,4595.82,46599.62,46599.62,46599.62,NULL,13776.23,0.00,6810.79,20587.02,4548.55,0.00,NULL,NULL,89852.48,74877.07,1),(68,'2020-05-01',38612.15,-3593.91,NULL,35018.24,35018.24,34937.27,NULL,30264.29,0.00,2982.88,33247.17,30344.75,28221.37,NULL,NULL,41400.00,23000.00,2),(69,'2020-05-01',62.22,0.00,0.00,62.22,0.00,0.00,NULL,18.27,0.00,0.00,18.27,0.00,0.00,NULL,NULL,NULL,NULL,3),(70,'2020-06-01',43076.70,NULL,5128.17,37948.53,37948.53,37948.53,NULL,11188.23,0.00,2546.91,13735.14,7157.81,836.98,NULL,NULL,99529.34,82941.12,1),(71,'2020-06-01',45866.44,-51.81,NULL,45814.63,45800.00,45800.00,NULL,38632.84,0.00,-514.39,38118.45,2357.02,19.49,NULL,NULL,50400.00,28000.00,2),(72,'2020-06-01',23.78,0.00,0.00,23.78,0.00,0.00,NULL,191.42,0.00,0.00,191.42,189.97,0.00,NULL,NULL,NULL,NULL,3),(73,'2020-07-01',45109.97,-80.26,NULL,45029.71,45029.71,45022.24,NULL,36907.05,0.00,193.75,37100.80,3638.68,0.00,NULL,NULL,14000.00,14000.00,2),(74,'2020-07-01',71019.32,NULL,3946.78,67072.54,67072.54,67072.54,NULL,18680.18,0.00,3136.77,21816.95,5831.31,0.00,NULL,NULL,93073.00,74458.00,1),(75,'2020-07-01',0.00,0.00,0.00,0.00,0.00,0.00,NULL,94.97,0.00,0.00,94.97,0.00,0.00,NULL,NULL,NULL,NULL,3),(76,'2020-08-01',44518.41,-302.23,NULL,44216.18,44216.18,44212.63,NULL,37177.29,0.00,192.83,37370.12,6284.04,0.00,NULL,NULL,15400.00,15400.00,2),(77,'2020-08-01',75100.06,NULL,7483.74,67616.32,67616.32,63070.86,NULL,21202.35,0.00,4367.47,25569.82,25569.82,0.00,NULL,NULL,94910.00,75928.00,1),(78,'2020-08-01',0.00,0.00,0.00,0.00,0.00,0.00,NULL,0.00,0.00,0.00,0.00,0.00,0.00,NULL,NULL,NULL,NULL,3),(79,'2020-09-01',49946.13,-4.55,NULL,49941.58,49941.58,49939.88,NULL,40511.65,0.00,73.38,40585.03,40585.03,0.00,NULL,NULL,16000.00,16000.00,2),(80,'2020-09-01',50003.33,NULL,6096.10,43907.23,43907.23,41621.51,NULL,12876.62,0.00,3204.55,16081.17,15593.29,0.00,NULL,NULL,98577.00,78862.00,1),(81,'2020-09-01',0.00,0.00,0.00,0.00,0.00,0.00,NULL,0.00,0.00,0.00,0.00,0.00,0.00,NULL,NULL,NULL,NULL,3),(82,'2020-10-01',56552.71,-5232.63,NULL,51320.08,51320.08,0.00,NULL,44928.83,0.00,0.00,44928.83,44742.87,0.00,NULL,NULL,19400.00,19400.00,2),(83,'2020-10-01',69594.69,NULL,7726.98,61867.71,61867.71,59066.59,NULL,18415.21,0.00,3714.22,22129.43,22129.43,0.00,NULL,NULL,110748.00,88598.00,1),(84,'2020-10-01',0.00,0.00,0.00,0.00,0.00,0.00,NULL,289.03,0.00,0.00,289.03,289.03,0.00,NULL,NULL,NULL,NULL,3),(85,'2020-11-01',41979.28,0.00,NULL,41979.28,0.00,0.00,NULL,33155.44,0.00,-29204.78,3950.66,3949.67,0.00,NULL,NULL,22200.00,22200.00,2),(86,'2020-11-01',60430.15,NULL,5804.65,54625.50,54625.50,54471.38,NULL,15248.50,0.00,4057.93,19306.43,19306.43,0.00,NULL,NULL,125883.00,100707.00,1),(87,'2020-11-01',1048.86,0.00,0.00,1048.86,0.00,0.00,NULL,517.42,0.00,0.00,517.42,517.42,0.00,NULL,NULL,NULL,NULL,3),(88,'2020-12-01',455.68,461.71,NULL,917.39,917.39,0.00,NULL,1086.86,0.00,4.53,1091.39,1024.53,0.00,NULL,NULL,26000.00,26000.00,2),(89,'2020-12-01',58172.88,NULL,6358.26,51814.62,51814.62,37528.91,NULL,14722.85,0.00,1972.30,16695.15,12935.17,0.00,NULL,NULL,143839.00,115071.00,1),(90,'2020-12-01',0.00,0.00,0.00,0.00,0.00,0.00,NULL,0.00,0.00,0.00,0.00,0.00,0.00,NULL,NULL,NULL,NULL,3);
/*!40000 ALTER TABLE `consolidated` ENABLE KEYS */;
UNLOCK TABLES;

--
-- Table structure for table `cost_category`
--

DROP TABLE IF EXISTS `cost_category`;
/*!40101 SET @saved_cs_client     = @@character_set_client */;
/*!50503 SET character_set_client = utf8mb4 */;
CREATE TABLE `cost_category` (
  `id` int(11) NOT NULL AUTO_INCREMENT,
  `cost_category` varchar(45) COLLATE utf8_bin NOT NULL,
  PRIMARY KEY (`id`)
) ENGINE=InnoDB AUTO_INCREMENT=7 DEFAULT CHARSET=utf8 COLLATE=utf8_bin;
/*!40101 SET character_set_client = @saved_cs_client */;

--
-- Dumping data for table `cost_category`
--

LOCK TABLES `cost_category` WRITE;
/*!40000 ALTER TABLE `cost_category` DISABLE KEYS */;
INSERT INTO `cost_category` VALUES (2,'Sueldos'),(3,'Gastos de mantenimiento'),(4,'Impuestos'),(5,'Honorarios'),(6,'Otros');
/*!40000 ALTER TABLE `cost_category` ENABLE KEYS */;
UNLOCK TABLES;

--
-- Table structure for table `fixed_cost`
--

DROP TABLE IF EXISTS `fixed_cost`;
/*!40101 SET @saved_cs_client     = @@character_set_client */;
/*!50503 SET character_set_client = utf8mb4 */;
CREATE TABLE `fixed_cost` (
  `id` int(11) NOT NULL AUTO_INCREMENT,
  `period` date NOT NULL,
  `cost` decimal(11,2) NOT NULL,
  `description` text COLLATE utf8_bin,
  `cost_category_id` int(11) NOT NULL,
  `business_model_id` int(11) NOT NULL,
  PRIMARY KEY (`id`),
  KEY `fk_fixed_costs_cost_category1_idx` (`cost_category_id`),
  KEY `fk_fixed_cost_business_model1_idx` (`business_model_id`),
  CONSTRAINT `fk_fixed_cost_business_model1` FOREIGN KEY (`business_model_id`) REFERENCES `business_model` (`id`) ON DELETE NO ACTION ON UPDATE NO ACTION,
  CONSTRAINT `fk_fixed_costs_cost_category1` FOREIGN KEY (`cost_category_id`) REFERENCES `cost_category` (`id`) ON DELETE NO ACTION ON UPDATE NO ACTION
) ENGINE=InnoDB AUTO_INCREMENT=123 DEFAULT CHARSET=utf8 COLLATE=utf8_bin;
/*!40101 SET character_set_client = @saved_cs_client */;

--
-- Dumping data for table `fixed_cost`
--

LOCK TABLES `fixed_cost` WRITE;
/*!40000 ALTER TABLE `fixed_cost` DISABLE KEYS */;
INSERT INTO `fixed_cost` VALUES (3,'2020-01-01',9590.58,'',3,7),(4,'2020-01-01',4398.76,'',5,7),(5,'2020-01-01',10455.29,'',4,7),(6,'2020-01-01',1366.46,'',6,7),(7,'2020-02-01',8666.06,'',4,7),(8,'2020-02-01',4443.67,'',3,7),(9,'2020-02-01',1401.27,'',6,7),(10,'2020-02-01',5363.69,'',5,7),(12,'2020-03-01',13129.47,'',4,7),(13,'2020-03-01',13986.17,'',3,7),(14,'2020-03-01',769.23,'',6,7),(15,'2020-03-01',5627.56,'',5,7),(16,'2020-04-01',15123.94,'',4,7),(17,'2020-04-01',6404.40,'',3,7),(18,'2020-04-01',633.84,'',6,7),(19,'2020-04-01',3325.00,'',5,7),(20,'2020-05-01',24370.27,'',4,7),(21,'2020-05-01',14286.62,'',3,7),(22,'2020-05-01',2956.26,'',6,7),(23,'2020-05-01',3307.98,'',5,7),(25,'2020-06-01',11441.23,'',4,7),(26,'2020-06-01',8824.46,'',3,7),(27,'2020-06-01',1826.61,'',6,7),(28,'2020-06-01',3209.52,'',5,7),(29,'2020-07-01',5170.50,'',2,6),(30,'2020-07-01',9926.37,'',2,1),(31,'2020-07-01',2624.95,'',2,4),(32,'2020-07-01',2872.85,'',2,2),(33,'2020-07-01',2033.61,'',2,5),(34,'2020-07-01',7478.65,'',2,7),(35,'2020-04-01',10627.66,'',2,1),(36,'2020-04-01',4298.57,'',2,2),(37,'2020-04-01',2152.73,'',2,5),(38,'2020-04-01',5367.47,'',2,6),(39,'2020-04-01',3616.17,'',2,4),(40,'2020-04-01',7794.35,'',2,7),(41,'2020-04-01',1193.18,'',2,3),(42,'2020-05-01',5124.55,'',2,6),(43,'2020-05-01',10146.68,'',2,1),(44,'2020-05-01',3452.51,'',2,4),(45,'2020-05-01',7441.60,'',2,7),(46,'2020-05-01',2055.30,'',2,5),(47,'2020-05-01',4341.04,'',2,2),(48,'2020-05-01',1139.18,'',2,3),(49,'2020-06-01',7160.82,'',2,6),(50,'2020-06-01',13789.58,'',2,1),(51,'2020-06-01',3805.58,'',2,4),(52,'2020-06-01',9774.73,'',2,7),(53,'2020-06-01',2974.12,'',2,5),(54,'2020-06-01',4242.85,'',2,2),(55,'2020-07-01',9109.74,'',3,7),(56,'2020-07-01',3741.55,'',5,7),(57,'2020-07-01',16436.68,'',4,7),(58,'2020-07-01',1439.09,'',6,7),(59,'2020-01-01',4600.31,'',2,6),(60,'2020-01-01',6621.57,'',2,1),(61,'2020-01-01',3089.25,'',2,4),(62,'2020-01-01',7533.33,'',2,7),(63,'2020-01-01',1814.53,'',2,5),(64,'2020-01-01',2707.67,'',2,2),(65,'2020-01-01',1913.65,'',2,3),(66,'2020-02-01',5176.37,'',2,6),(67,'2020-02-01',7414.82,'',2,1),(68,'2020-02-01',3480.79,'',2,4),(69,'2020-02-01',8157.37,'',2,7),(70,'2020-02-01',2075.92,'',2,5),(71,'2020-02-01',4083.56,'',2,2),(72,'2020-02-01',2082.17,'',2,3),(73,'2020-03-01',4812.17,'',2,6),(74,'2020-03-01',7626.45,'',2,1),(75,'2020-03-01',3231.51,'',2,4),(76,'2020-03-01',7909.41,'',2,7),(77,'2020-03-01',1898.09,'',2,5),(78,'2020-03-01',4016.58,'',2,2),(79,'2020-03-01',2001.78,'',2,3),(81,'2020-08-01',7992.17,'',4,7),(82,'2020-08-01',3116.76,'',5,7),(83,'2020-08-01',289.02,'',6,7),(84,'2020-08-01',10888.79,'',3,7),(85,'2020-08-01',10354.10,'',2,1),(86,'2020-08-01',3332.34,'',2,2),(87,'2020-08-01',2084.39,'',2,5),(88,'2020-08-01',2341.27,'',2,6),(89,'2020-08-01',2721.35,'',2,4),(90,'2020-08-01',7453.56,'',2,7),(91,'2020-09-01',11649.75,'',2,1),(92,'2020-09-01',3690.08,'',2,2),(93,'2020-09-01',2117.33,'',2,5),(94,'2020-09-01',2371.42,'',2,6),(95,'2020-09-01',2750.42,'',2,4),(96,'2020-09-01',7499.26,'',2,7),(97,'2020-09-01',12027.36,'',4,7),(98,'2020-09-01',3802.17,'',5,7),(99,'2020-09-01',11274.58,'',3,7),(100,'2020-09-01',1363.64,'',6,7),(101,'2020-10-01',2295.01,'',2,6),(102,'2020-10-01',10945.61,'',2,1),(103,'2020-10-01',2658.27,'',2,4),(104,'2020-10-01',7478.75,'',2,7),(105,'2020-10-01',2043.06,'',2,5),(106,'2020-10-01',3530.05,'',2,2),(107,'2020-10-01',10958.11,'',3,7),(108,'2020-10-01',4268.06,'',5,7),(109,'2020-10-01',11875.94,'',4,7),(110,'2020-10-01',2477.63,'',6,7),(111,'2020-11-01',10626.88,'',3,7),(112,'2020-11-01',2830.06,'',5,7),(113,'2020-11-01',13515.24,'',4,7),(114,'2020-11-01',1883.12,'',6,7),(115,'2018-11-01',2325.14,'',2,6),(116,'2020-11-01',2325.14,'',2,6),(117,'2018-11-01',11120.81,'',2,1),(118,'2020-11-01',11120.81,'',2,1),(119,'2020-11-01',2695.63,'',2,4),(120,'2020-11-01',7630.06,'',2,7),(121,'2020-11-01',4652.33,'',2,2),(122,'2020-11-01',2053.64,'',2,5);
/*!40000 ALTER TABLE `fixed_cost` ENABLE KEYS */;
UNLOCK TABLES;

--
-- Table structure for table `invoice_validation`
--

DROP TABLE IF EXISTS `invoice_validation`;
/*!40101 SET @saved_cs_client     = @@character_set_client */;
/*!50503 SET character_set_client = utf8mb4 */;
CREATE TABLE `invoice_validation` (
  `id` int(11) NOT NULL AUTO_INCREMENT,
  `period` date NOT NULL,
  `name` varchar(128) COLLATE utf8_bin NOT NULL,
  `validated` tinyint(1) NOT NULL DEFAULT '0',
  `invoice` tinyint(1) NOT NULL DEFAULT '0',
  `type` enum('Revenue','Spend') COLLATE utf8_bin NOT NULL,
  `business_model_id` int(11) NOT NULL,
  `entity_id` int(11) NOT NULL,
  `amount` decimal(11,2) DEFAULT '0.00',
  PRIMARY KEY (`id`),
  KEY `fk_invoice_validation_business_model1_idx` (`business_model_id`),
  CONSTRAINT `fk_invoice_validation_business_model1` FOREIGN KEY (`business_model_id`) REFERENCES `business_model` (`id`) ON DELETE NO ACTION ON UPDATE NO ACTION
) ENGINE=InnoDB AUTO_INCREMENT=2914 DEFAULT CHARSET=utf8 COLLATE=utf8_bin;
/*!40101 SET character_set_client = @saved_cs_client */;

--
-- Dumping data for table `invoice_validation`
--

LOCK TABLES `invoice_validation` WRITE;
/*!40000 ALTER TABLE `invoice_validation` DISABLE KEYS */;
INSERT INTO `invoice_validation` VALUES (1208,'2020-01-01','Air',0,1,'Spend',3,1,747.79),(1209,'2020-01-01','2 - ',1,1,'Revenue',2,2,15799.48),(1210,'2020-01-01','ExoC',0,0,'Spend',3,15,77.22),(1211,'2020-01-01','EroA',0,0,'Spend',3,26,0.03),(1212,'2020-01-01','SPIR',0,1,'Spend',3,36,1958.82),(1213,'2020-01-01','Yeah',1,0,'Spend',3,107,78.08),(1214,'2020-01-01','Born',1,0,'Spend',3,335,123.00),(1215,'2020-01-01','BILL',0,1,'Spend',3,496,16219.16),(1216,'2020-01-01','GOOG',1,0,'Spend',3,508,7908.30),(1217,'2020-01-01','ADCA',0,1,'Spend',3,763,85.10),(1218,'2020-01-01','Tomk',0,0,'Spend',3,772,61.69),(1219,'2020-01-01','Mobi',0,0,'Spend',3,773,30.07),(1220,'2020-01-01','AirP',0,1,'Spend',1,1,2393.56),(1221,'2020-01-01','Tube',1,0,'Spend',1,361,0.06),(1222,'2020-01-01','Sona',1,0,'Spend',1,708,8242.54),(1223,'2020-01-01',': DI',1,0,'Spend',2,487,691.70),(1224,'2020-01-01','Bett',0,1,'Spend',2,518,96.92),(1225,'2020-01-01','YIEL',0,1,'Spend',2,549,753.80),(1226,'2020-01-01','Davi',1,0,'Spend',2,576,0.38),(1227,'2020-01-01','Juan',1,0,'Spend',2,641,4.27),(1228,'2020-01-01','KODI',1,0,'Spend',2,646,4.03),(1229,'2020-01-01','MySt',1,0,'Spend',2,660,3.08),(1230,'2020-01-01','Adpo',0,1,'Spend',2,661,6285.82),(1231,'2020-01-01','QUIN',1,0,'Spend',2,676,1.28),(1232,'2020-01-01','afas',1,0,'Spend',2,679,0.02),(1233,'2020-01-01','Defe',1,0,'Spend',2,699,136.69),(1234,'2020-01-01','Raci',0,1,'Spend',2,712,35.57),(1235,'2020-01-01','Fans',1,0,'Spend',2,716,0.01),(1236,'2020-01-01','VICA',0,1,'Spend',2,721,1968.17),(1237,'2020-01-01','Grup',0,1,'Spend',2,722,180.28),(1238,'2020-01-01','VI-D',1,0,'Spend',2,723,12.50),(1239,'2020-01-01','Ocio',0,1,'Spend',2,728,14.72),(1240,'2020-01-01','Evol',1,0,'Spend',2,736,248.77),(1241,'2020-01-01','Las ',1,1,'Spend',2,744,333.82),(1242,'2020-01-01','Mast',1,0,'Spend',2,746,0.00),(1243,'2020-01-01','R2Di',1,0,'Spend',2,749,23.64),(1244,'2020-01-01','Grup',0,1,'Spend',2,752,572.30),(1245,'2020-01-01','Revi',1,0,'Spend',2,760,45.21),(1246,'2020-01-01','Now ',1,0,'Spend',2,768,118.04),(1247,'2020-01-01','Nico',1,0,'Spend',2,775,202.85),(1248,'2020-01-01','Neom',1,0,'Revenue',3,127,5.80),(1249,'2020-01-01','GRIN',0,1,'Revenue',3,171,26123.44),(1250,'2020-01-01','Wazz',1,1,'Revenue',3,174,1350.20),(1251,'2020-01-01','Mark',1,1,'Revenue',3,268,243.38),(1252,'2020-01-01','Forw',1,1,'Revenue',3,349,1936.58),(1253,'2020-01-01','Drog',1,0,'Revenue',3,355,0.00),(1254,'2020-01-01','Frub',1,0,'Revenue',3,359,0.00),(1255,'2020-01-01','Alde',1,1,'Revenue',3,363,6708.07),(1256,'2020-01-01','Nara',1,1,'Revenue',3,364,1978.30),(1257,'2020-01-01','Fun ',0,1,'Revenue',3,366,2211.20),(1258,'2020-01-01','Fun ',1,1,'Revenue',3,367,782.40),(1259,'2020-01-01','Imag',1,1,'Revenue',3,369,-997.27),(1260,'2020-01-01','Epag',1,1,'Revenue',3,376,9.00),(1261,'2020-01-01','Serv',1,1,'Revenue',3,381,16.40),(1262,'2020-01-01','CELL',1,1,'Revenue',3,392,10.50),(1263,'2020-01-01','Mobi',1,1,'Revenue',3,396,27.00),(1264,'2020-01-01','DSNR',1,1,'Revenue',3,397,29.35),(1265,'2020-01-01','427-',1,1,'Revenue',1,427,4476.62),(1266,'2020-01-01','428-',1,1,'Revenue',1,428,2230.56),(1267,'2020-01-01','451-',1,1,'Revenue',1,451,1242.24),(1268,'2020-01-01','424-',1,1,'Revenue',1,424,14906.83),(1269,'2020-01-01','453-',1,1,'Revenue',1,453,2769.00),(1270,'2020-01-01','450-',1,1,'Revenue',1,450,594.80),(1271,'2020-01-01','440-',1,1,'Revenue',1,440,285.71),(1272,'2020-01-01','399-',1,1,'Revenue',1,399,9604.76),(1273,'2020-01-01','411-',1,1,'Revenue',1,411,705.95),(1274,'2020-01-01','447-',1,1,'Revenue',1,447,232.92),(1275,'2020-01-01','432-',1,1,'Revenue',1,432,1583.85),(1276,'2020-01-01','9 - ',1,0,'Revenue',2,9,4.94),(1277,'2020-01-01','10 -',1,1,'Revenue',2,10,69.08),(1278,'2020-02-01','2 - ',1,1,'Revenue',2,2,18589.20),(1279,'2020-02-01','ExoC',1,0,'Spend',3,15,300.27),(1280,'2020-02-01','EroA',1,0,'Spend',3,26,99.68),(1281,'2020-02-01','SPIR',1,0,'Spend',3,36,2428.14),(1282,'2020-02-01','Yeah',1,0,'Spend',3,107,3014.33),(1283,'2020-02-01','Born',0,1,'Spend',3,335,1459.60),(1284,'2020-02-01','BILL',0,1,'Spend',3,496,10489.76),(1285,'2020-02-01','GOOG',1,0,'Spend',3,508,12181.04),(1286,'2020-02-01','Avaz',0,0,'Spend',3,561,5.60),(1287,'2020-02-01','ADCA',1,0,'Spend',3,763,1.30),(1288,'2020-02-01','Tomk',0,0,'Spend',3,772,224.72),(1289,'2020-02-01','Mobi',0,0,'Spend',3,773,7.22),(1290,'2020-02-01','Yuhu',0,0,'Spend',3,801,0.60),(1291,'2020-02-01','AirP',1,0,'Spend',1,1,1221.10),(1292,'2020-02-01','AppN',0,1,'Spend',1,62,2000.13),(1293,'2020-02-01','Sona',1,0,'Spend',1,708,8877.98),(1294,'2020-02-01','degu',1,0,'Spend',2,230,3.16),(1295,'2020-02-01','AdKa',1,0,'Spend',2,321,0.01),(1296,'2020-02-01',': DI',1,0,'Spend',2,487,579.61),(1297,'2020-02-01','Bett',1,0,'Spend',2,518,21.87),(1298,'2020-02-01','Tand',0,1,'Spend',2,569,101.96),(1299,'2020-02-01','Davi',1,0,'Spend',2,576,0.11),(1300,'2020-02-01','Juan',1,0,'Spend',2,641,5.21),(1301,'2020-02-01','KODI',1,0,'Spend',2,646,4.76),(1302,'2020-02-01','MySt',1,0,'Spend',2,660,1.48),(1303,'2020-02-01','Adpo',0,1,'Spend',2,661,10542.32),(1304,'2020-02-01','Adtr',0,1,'Spend',2,674,179.61),(1305,'2020-02-01','Defe',1,0,'Spend',2,699,2.44),(1306,'2020-02-01','Raci',0,1,'Spend',2,712,35.50),(1307,'2020-02-01','Fans',1,0,'Spend',2,716,0.01),(1308,'2020-02-01','VICA',0,1,'Spend',2,721,891.46),(1309,'2020-02-01','Grup',0,1,'Spend',2,722,197.62),(1310,'2020-02-01','VI-D',1,0,'Spend',2,723,9.65),(1311,'2020-02-01','Ocio',0,1,'Spend',2,728,14.05),(1312,'2020-02-01','Evol',1,0,'Spend',2,736,246.63),(1313,'2020-02-01','Las ',1,1,'Spend',2,744,352.69),(1314,'2020-02-01','Mast',0,1,'Spend',2,746,67.73),(1315,'2020-02-01','R2Di',1,0,'Spend',2,749,5.64),(1316,'2020-02-01','Grup',0,1,'Spend',2,752,104.23),(1317,'2020-02-01','Revi',1,0,'Spend',2,760,70.95),(1318,'2020-02-01','i Se',1,0,'Spend',2,778,4.70),(1319,'2020-02-01','Arie',0,1,'Spend',2,787,18.62),(1320,'2020-02-01','Anim',1,0,'Spend',2,788,0.60),(1321,'2020-02-01','Web ',0,1,'Spend',2,791,117.49),(1322,'2020-02-01','Cant',1,0,'Spend',2,794,0.75),(1323,'2020-02-01','CNN ',0,1,'Spend',2,798,810.15),(1324,'2020-02-01','DANI',1,0,'Spend',2,802,0.16),(1325,'2020-02-01','Faci',1,0,'Spend',2,807,1.99),(1326,'2020-02-01','Dani',0,1,'Spend',2,808,35.97),(1327,'2020-02-01','Dala',1,0,'Spend',2,811,0.02),(1328,'2020-02-01','Andh',1,0,'Spend',2,813,22.72),(1329,'2020-02-01','Miri',0,1,'Spend',2,815,3.28),(1330,'2020-02-01','WEB ',1,0,'Spend',2,819,1.37),(1331,'2020-02-01','Cell',1,0,'Revenue',3,19,7.00),(1332,'2020-02-01','Plus',0,1,'Revenue',3,30,41.15),(1333,'2020-02-01','Mobu',1,1,'Revenue',3,83,54.91),(1334,'2020-02-01','Neom',1,0,'Revenue',3,127,13.10),(1335,'2020-02-01','GRIN',0,1,'Revenue',3,171,1334.40),(1336,'2020-02-01','Wazz',1,1,'Revenue',3,174,3873.80),(1337,'2020-02-01','Mark',1,1,'Revenue',3,268,45.35),(1338,'2020-02-01','Mobi',1,1,'Revenue',3,345,7.13),(1339,'2020-02-01','Forw',1,1,'Revenue',3,349,403.57),(1340,'2020-02-01','Alde',1,1,'Revenue',3,363,8598.73),(1341,'2020-02-01','Nara',1,1,'Revenue',3,364,12158.50),(1342,'2020-02-01','Fun ',1,1,'Revenue',3,366,2399.20),(1343,'2020-02-01','Fun ',1,1,'Revenue',3,367,959.20),(1344,'2020-02-01','Epag',1,1,'Revenue',3,376,860.38),(1345,'2020-02-01','Serv',1,1,'Revenue',3,381,157.00),(1346,'2020-02-01','CELL',1,1,'Revenue',3,392,145.50),(1347,'2020-02-01','SERV',1,1,'Revenue',3,393,407.70),(1348,'2020-02-01','Mobi',1,1,'Revenue',3,396,168.00),(1349,'2020-02-01','DSNR',0,1,'Revenue',3,397,10454.79),(1350,'2020-02-01','wire',1,0,'Revenue',3,401,12.50),(1351,'2020-02-01','Appa',1,1,'Revenue',3,402,439.20),(1352,'2020-02-01','Inst',1,0,'Revenue',3,406,3.80),(1353,'2020-02-01','452-',1,1,'Revenue',1,452,3821.66),(1354,'2020-02-01','454-',1,1,'Revenue',1,454,1874.04),(1355,'2020-02-01','455-',1,1,'Revenue',1,455,12670.91),(1356,'2020-02-01','459-',1,1,'Revenue',1,459,5492.68),(1357,'2020-02-01','456-',1,1,'Revenue',1,456,6369.43),(1358,'2020-02-01','461-',1,1,'Revenue',1,461,1515.52),(1359,'2020-02-01','462-',1,1,'Revenue',1,462,459.92),(1360,'2020-02-01','467-',1,1,'Revenue',1,467,292.99),(1361,'2020-02-01','443-',1,1,'Revenue',1,443,4282.12),(1362,'2020-02-01','442-',1,1,'Revenue',1,442,8121.02),(1363,'2020-02-01','460-',1,1,'Revenue',1,460,3789.81),(1364,'2020-02-01','469-',1,1,'Revenue',1,469,778.85),(1365,'2020-02-01','9 - ',1,0,'Revenue',2,9,86.94),(1366,'2020-02-01','10 -',1,1,'Revenue',2,10,18.26),(1367,'2020-02-01','12 -',1,1,'Revenue',2,12,229.41),(1368,'2020-03-01','ExoC',1,0,'Spend',3,15,16.64),(1369,'2020-03-01','Mein',0,0,'Spend',3,35,99.60),(1370,'2020-03-01','SPIR',1,0,'Spend',3,36,290.76),(1371,'2020-03-01','Yeah',1,0,'Spend',3,107,11650.80),(1372,'2020-03-01','Born',1,0,'Spend',3,335,1262.70),(1373,'2020-03-01','BILL',1,0,'Spend',3,496,9557.64),(1374,'2020-03-01','GOOG',1,0,'Spend',3,508,4114.05),(1375,'2020-03-01','Avaz',0,0,'Spend',3,561,46.10),(1376,'2020-03-01','Tomk',1,0,'Spend',3,772,91.89),(1377,'2020-03-01','Mobi',0,0,'Spend',3,773,4.25),(1378,'2020-03-01','Dobl',1,0,'Spend',3,817,0.60),(1379,'2020-03-01','AirP',1,0,'Spend',1,1,459.97),(1380,'2020-03-01','AppN',1,0,'Spend',1,62,1426.77),(1381,'2020-03-01','Sona',1,0,'Spend',1,708,8559.86),(1382,'2020-03-01','vees',1,0,'Spend',2,140,254.46),(1383,'2020-03-01','degu',1,0,'Spend',2,230,6.47),(1384,'2020-03-01',': DI',1,0,'Spend',2,487,718.15),(1385,'2020-03-01','Bett',1,0,'Spend',2,518,0.01),(1386,'2020-03-01','Tand',0,1,'Spend',2,569,341.05),(1387,'2020-03-01','Juan',1,0,'Spend',2,641,4.69),(1388,'2020-03-01','KODI',1,0,'Spend',2,646,4.56),(1389,'2020-03-01','Adpo',0,1,'Spend',2,661,29152.58),(1390,'2020-03-01','Adtr',1,0,'Spend',2,674,143.37),(1391,'2020-03-01','Raci',0,1,'Spend',2,712,38.88),(1392,'2020-03-01','Fans',1,0,'Spend',2,716,0.17),(1393,'2020-03-01','Grup',0,1,'Spend',2,722,309.44),(1394,'2020-03-01','VI-D',1,0,'Spend',2,723,67.31),(1395,'2020-03-01','Ocio',0,1,'Spend',2,728,18.28),(1396,'2020-03-01','Las ',1,1,'Spend',2,744,400.43),(1397,'2020-03-01','Mast',0,1,'Spend',2,746,475.99),(1398,'2020-03-01','R2Di',0,1,'Spend',2,749,30.18),(1399,'2020-03-01','Grup',0,1,'Spend',2,752,162.78),(1400,'2020-03-01','Revi',1,0,'Spend',2,760,72.35),(1401,'2020-03-01','Arie',0,1,'Spend',2,787,37.00),(1402,'2020-03-01','Web ',1,0,'Spend',2,791,230.02),(1403,'2020-03-01','Cant',1,0,'Spend',2,794,0.70),(1404,'2020-03-01','CNN ',0,1,'Spend',2,798,131.02),(1405,'2020-03-01','DANI',1,0,'Spend',2,802,0.04),(1406,'2020-03-01','Faci',0,1,'Spend',2,807,10.23),(1407,'2020-03-01','Dani',1,0,'Spend',2,808,85.86),(1408,'2020-03-01','WEB3',1,0,'Spend',2,809,68.43),(1409,'2020-03-01','Dala',1,0,'Spend',2,811,29.15),(1410,'2020-03-01','Andh',1,0,'Spend',2,813,83.38),(1411,'2020-03-01','EMPR',1,0,'Spend',2,814,104.30),(1412,'2020-03-01','Miri',1,0,'Spend',2,815,9.99),(1413,'2020-03-01','Fote',0,1,'Spend',2,818,35.29),(1414,'2020-03-01','WEB ',0,1,'Spend',2,819,262.93),(1415,'2020-03-01','Digi',1,0,'Spend',2,826,46.36),(1416,'2020-03-01','Aula',1,0,'Spend',2,828,11.27),(1417,'2020-03-01','Sile',0,1,'Spend',2,831,165.35),(1418,'2020-03-01','cuan',1,0,'Spend',2,832,32.17),(1419,'2020-03-01','Code',1,0,'Spend',2,842,0.01),(1420,'2020-03-01','iPho',1,0,'Spend',2,843,0.06),(1421,'2020-03-01','Alta',1,0,'Spend',2,845,5.65),(1422,'2020-03-01','Pato',1,0,'Spend',2,855,0.66),(1423,'2020-03-01','La C',1,0,'Spend',2,857,0.17),(1424,'2020-03-01','Imag',1,0,'Spend',2,859,0.01),(1425,'2020-03-01','Plus',1,1,'Revenue',3,30,122.95),(1426,'2020-03-01','Mobu',1,1,'Revenue',3,83,159.23),(1427,'2020-03-01','Kick',0,0,'Revenue',3,167,223.46),(1428,'2020-03-01','GRIN',1,1,'Revenue',3,171,2082.40),(1429,'2020-03-01','Mark',1,1,'Revenue',3,268,219.45),(1430,'2020-03-01','Mobi',1,1,'Revenue',3,345,38.97),(1431,'2020-03-01','Forw',1,0,'Revenue',3,349,0.00),(1432,'2020-03-01','Alde',1,0,'Revenue',3,363,0.00),(1433,'2020-03-01','Nara',1,1,'Revenue',3,364,3084.30),(1434,'2020-03-01','Fun ',1,1,'Revenue',3,366,1433.20),(1435,'2020-03-01','Fun ',1,1,'Revenue',3,367,1198.80),(1436,'2020-03-01','Epag',1,1,'Revenue',3,376,214.25),(1437,'2020-03-01','Serv',1,1,'Revenue',3,381,114.00),(1438,'2020-03-01','Cycl',1,0,'Revenue',3,389,30.00),(1439,'2020-03-01','CELL',1,0,'Revenue',3,392,30.00),(1440,'2020-03-01','SERV',1,1,'Revenue',3,393,469.30),(1441,'2020-03-01','Mobi',1,0,'Revenue',3,396,3.00),(1442,'2020-03-01','DSNR',1,1,'Revenue',3,397,22231.61),(1443,'2020-03-01','Appa',1,1,'Revenue',3,402,996.60),(1444,'2020-03-01','AdCr',1,0,'Revenue',3,405,74.00),(1445,'2020-03-01','Corp',1,1,'Revenue',3,411,128.50),(1446,'2020-03-01','Pulk',0,0,'Revenue',3,414,18.60),(1447,'2020-03-01','Soun',1,0,'Revenue',3,415,23.10),(1448,'2020-03-01','Buon',0,1,'Revenue',3,417,228.60),(1449,'2020-03-01','470-',1,1,'Revenue',1,470,11288.57),(1450,'2020-03-01','471-',1,1,'Revenue',1,471,8628.28),(1451,'2020-03-01','485-',1,1,'Revenue',1,485,147.44),(1452,'2020-03-01','488-',1,1,'Revenue',1,488,294.87),(1453,'2020-03-01','478-',1,1,'Revenue',1,478,2004.38),(1454,'2020-03-01','472-',1,1,'Revenue',1,472,241.16),(1455,'2020-03-01','482-',1,1,'Revenue',1,482,2326.92),(1456,'2020-03-01','484-',1,1,'Revenue',1,484,3205.13),(1457,'2020-03-01','2 - ',1,1,'Revenue',2,2,41549.94),(1458,'2020-03-01','9 - ',1,0,'Revenue',2,9,44.38),(1459,'2020-03-01','10 -',1,1,'Revenue',2,10,33.70),(1460,'2020-03-01','12 -',1,1,'Revenue',2,12,308.72),(1461,'2020-04-01','Mein',0,0,'Spend',3,35,27.80),(1462,'2020-04-01','SPIR',0,0,'Spend',3,36,11.40),(1463,'2020-04-01','Yeah',1,0,'Spend',3,107,7660.89),(1464,'2020-04-01','Born',1,0,'Spend',3,335,267.75),(1465,'2020-04-01','496-',1,1,'Revenue',1,496,6848.47),(1466,'2020-04-01','GOOG',1,0,'Spend',3,508,7.56),(1467,'2020-04-01','AirP',1,0,'Spend',1,1,1169.37),(1468,'2020-04-01','AppN',1,0,'Spend',1,62,2505.37),(1469,'2020-04-01','Sona',1,0,'Spend',1,708,14440.29),(1470,'2020-04-01','degu',1,0,'Spend',2,230,4.79),(1471,'2020-04-01',': DI',1,0,'Spend',2,487,617.80),(1472,'2020-04-01','Tand',0,1,'Spend',2,569,553.98),(1473,'2020-04-01','soun',0,1,'Spend',2,618,54.58),(1474,'2020-04-01','Juan',1,0,'Spend',2,641,3.53),(1475,'2020-04-01','KODI',1,0,'Spend',2,646,4.02),(1476,'2020-04-01','Adpo',0,1,'Spend',2,661,22662.02),(1477,'2020-04-01','Adtr',1,0,'Spend',2,674,0.82),(1478,'2020-04-01','Raci',0,1,'Spend',2,712,37.13),(1479,'2020-04-01','Fans',1,0,'Spend',2,716,0.14),(1480,'2020-04-01','Grup',0,1,'Spend',2,722,255.99),(1481,'2020-04-01','VI-D',1,0,'Spend',2,723,86.92),(1482,'2020-04-01','Ocio',1,0,'Spend',2,728,11.52),(1483,'2020-04-01','Las ',1,1,'Spend',2,744,329.40),(1484,'2020-04-01','Mast',1,0,'Spend',2,746,1600.64),(1485,'2020-04-01','Grup',0,1,'Spend',2,752,169.50),(1486,'2020-04-01','Revi',1,0,'Spend',2,760,41.66),(1487,'2020-04-01','Arie',0,1,'Spend',2,787,53.17),(1488,'2020-04-01','Web ',1,0,'Spend',2,791,164.19),(1489,'2020-04-01','CNN ',1,0,'Spend',2,798,53.18),(1490,'2020-04-01','Faci',1,0,'Spend',2,807,7.19),(1491,'2020-04-01','Dani',1,0,'Spend',2,808,1.32),(1492,'2020-04-01','WEB3',1,0,'Spend',2,809,284.73),(1493,'2020-04-01','Dala',1,0,'Spend',2,811,16.04),(1494,'2020-04-01','Andh',1,0,'Spend',2,813,71.96),(1495,'2020-04-01','Miri',1,0,'Spend',2,815,9.08),(1496,'2020-04-01','Fote',0,1,'Spend',2,818,59.70),(1497,'2020-04-01','WEB ',0,1,'Spend',2,819,166.09),(1498,'2020-04-01','Aula',1,0,'Spend',2,828,4.60),(1499,'2020-04-01','Sile',0,1,'Spend',2,831,91.62),(1500,'2020-04-01','cuan',1,0,'Spend',2,832,32.85),(1501,'2020-04-01','Alta',0,1,'Spend',2,845,9.99),(1502,'2020-04-01','Pato',1,0,'Spend',2,855,0.02),(1503,'2020-04-01','La C',1,0,'Spend',2,857,3.04),(1504,'2020-04-01','Davi',0,1,'Spend',2,869,556.73),(1505,'2020-04-01','Euro',1,0,'Spend',2,873,0.00),(1506,'2020-04-01','Rece',1,0,'Spend',2,879,8.26),(1507,'2020-04-01','Kpop',1,0,'Spend',2,880,0.00),(1508,'2020-04-01','EMPR',1,0,'Spend',2,814,43.10),(1509,'2020-04-01','pros',1,0,'Spend',2,854,6.51),(1510,'2020-04-01','Reve',1,0,'Spend',2,865,0.07),(1511,'2020-04-01','9 - ',1,0,'Revenue',2,9,35.44),(1512,'2020-04-01','Plus',1,0,'Revenue',3,30,0.00),(1513,'2020-04-01','Mobu',0,0,'Revenue',3,83,20.82),(1514,'2020-04-01','Kick',0,1,'Revenue',3,167,79.76),(1515,'2020-04-01','GRIN',1,1,'Revenue',3,171,1197.00),(1516,'2020-04-01','Wazz',0,0,'Revenue',3,174,2.30),(1517,'2020-04-01','Mark',1,1,'Revenue',3,268,261.10),(1518,'2020-04-01','Mobi',1,1,'Revenue',3,345,26.92),(1519,'2020-04-01','Forw',1,0,'Revenue',3,349,0.00),(1520,'2020-04-01','Nara',1,1,'Revenue',3,364,423.60),(1521,'2020-04-01','Fun ',1,1,'Revenue',3,366,199.20),(1522,'2020-04-01','Fun ',1,1,'Revenue',3,367,122.40),(1523,'2020-04-01','Epag',1,0,'Revenue',3,376,5.88),(1524,'2020-04-01','Cycl',1,0,'Revenue',3,389,15.00),(1525,'2020-04-01','SERV',0,0,'Revenue',3,393,1.40),(1526,'2020-04-01','DSNR',1,1,'Revenue',3,397,11448.17),(1527,'2020-04-01','Appa',1,1,'Revenue',3,402,433.60),(1528,'2020-04-01','Corp',1,0,'Revenue',3,411,6.00),(1529,'2020-04-01','Pulk',0,0,'Revenue',3,414,172.40),(1530,'2020-04-01','Soun',1,0,'Revenue',3,415,14.70),(1531,'2020-04-01','Buon',1,1,'Revenue',3,417,3290.40),(1532,'2020-04-01','Comt',1,0,'Revenue',3,419,8.00),(1533,'2020-04-01','490-',1,1,'Revenue',1,490,8852.91),(1534,'2020-04-01','492-',1,1,'Revenue',1,492,9058.67),(1535,'2020-04-01','502-',1,1,'Revenue',1,502,9615.38),(1536,'2020-04-01','504-',1,1,'Revenue',1,504,392.61),(1537,'2020-04-01','505-',1,1,'Revenue',1,505,575.90),(1538,'2020-04-01','498-',1,1,'Revenue',1,498,110.58),(1539,'2020-04-01','501-',1,1,'Revenue',1,501,110.58),(1540,'2020-04-01','494-',1,1,'Revenue',1,494,1440.54),(1541,'2020-04-01','495-',1,1,'Revenue',1,495,2095.34),(1542,'2020-04-01','479-',1,1,'Revenue',1,479,5238.34),(1543,'2020-04-01','491-',1,1,'Revenue',1,491,2403.85),(1544,'2020-04-01','503-',1,1,'Revenue',1,503,4052.54),(1545,'2020-04-01','2 - ',1,1,'Revenue',2,2,36071.39),(1546,'2020-04-01','10 -',1,0,'Revenue',2,10,24.54),(1547,'2020-04-01','12 -',1,0,'Revenue',2,12,43.73),(1548,'2020-06-01','AppN',1,0,'Spend',3,62,189.97),(1549,'2020-06-01','BILL',0,0,'Spend',3,496,1.45),(1550,'2020-06-01','AirP',1,0,'Spend',1,1,150.97),(1551,'2020-06-01','AppN',1,0,'Spend',1,62,6320.83),(1552,'2020-06-01','Tagg',1,1,'Spend',1,619,836.98),(1553,'2020-06-01','Sona',1,1,'Spend',1,708,6426.36),(1554,'2020-06-01','degu',1,0,'Spend',2,230,8.01),(1555,'2020-06-01',': DI',1,0,'Spend',2,487,470.57),(1556,'2020-06-01','Bett',1,0,'Spend',2,518,28.25),(1557,'2020-06-01','KPR ',1,0,'Spend',2,565,20.66),(1558,'2020-06-01','Tand',1,0,'Spend',2,569,659.93),(1559,'2020-06-01','soun',1,0,'Spend',2,618,29.48),(1560,'2020-06-01','Juan',1,0,'Spend',2,641,3.79),(1561,'2020-06-01','KODI',1,0,'Spend',2,646,3.34),(1562,'2020-06-01','Adpo',1,1,'Spend',2,661,33294.96),(1563,'2020-06-01','Raci',1,0,'Spend',2,712,38.83),(1564,'2020-06-01','Fans',1,0,'Spend',2,716,0.26),(1565,'2020-06-01','Grup',0,1,'Spend',2,722,19.49),(1566,'2020-06-01','VI-D',1,0,'Spend',2,723,156.70),(1567,'2020-06-01','Ocio',1,0,'Spend',2,728,6.55),(1568,'2020-06-01','Las ',1,0,'Spend',2,744,458.72),(1569,'2020-06-01','Revi',1,0,'Spend',2,760,17.34),(1570,'2020-06-01','Arie',1,0,'Spend',2,787,6.39),(1571,'2020-06-01','Web ',1,0,'Spend',2,791,12.34),(1572,'2020-06-01','CNN ',1,0,'Spend',2,798,7.90),(1573,'2020-06-01','Dani',1,0,'Spend',2,808,0.24),(1574,'2020-06-01','Andh',1,0,'Spend',2,813,44.82),(1575,'2020-06-01','Miri',1,0,'Spend',2,815,0.20),(1576,'2020-06-01','Fote',1,0,'Spend',2,818,91.57),(1577,'2020-06-01','WEB ',1,0,'Spend',2,819,490.11),(1578,'2020-06-01','Aula',1,0,'Spend',2,828,5.78),(1579,'2020-06-01','Sile',1,0,'Spend',2,831,93.86),(1580,'2020-06-01','cuan',1,0,'Spend',2,832,20.22),(1581,'2020-06-01','iPho',1,0,'Spend',2,843,11.52),(1582,'2020-06-01','Alta',1,0,'Spend',2,845,14.05),(1583,'2020-06-01','La C',1,0,'Spend',2,857,2.67),(1584,'2020-06-01','Devi',1,0,'Spend',2,864,7.33),(1585,'2020-06-01','Davi',1,0,'Spend',2,869,0.18),(1586,'2020-06-01','Rece',1,0,'Spend',2,879,5.88),(1587,'2020-06-01','Calc',1,0,'Spend',2,887,7.29),(1588,'2020-06-01','Astr',1,0,'Spend',2,889,40.84),(1589,'2020-06-01','Comp',1,0,'Spend',2,895,21.68),(1590,'2020-06-01','koox',1,0,'Spend',2,903,116.99),(1591,'2020-06-01','Caro',1,0,'Spend',2,904,93.17),(1592,'2020-06-01','Kick',0,0,'Revenue',3,167,7.08),(1593,'2020-06-01','GRIN',0,0,'Revenue',3,171,0.30),(1594,'2020-06-01','DSNR',0,0,'Revenue',3,397,1.40),(1595,'2020-06-01','Uber',0,0,'Revenue',3,425,15.00),(1596,'2020-06-01','529-',1,1,'Revenue',1,529,2976.19),(1597,'2020-06-01','536-',1,1,'Revenue',1,536,224.25),(1598,'2020-06-01','537-',1,1,'Revenue',1,537,80.09),(1599,'2020-06-01','519-',1,1,'Revenue',1,519,2403.27),(1600,'2020-06-01','521-',1,1,'Revenue',1,521,632.44),(1601,'2020-06-01','531-',1,1,'Revenue',1,531,1330.00),(1602,'2020-06-01','530-',1,1,'Revenue',1,530,136.90),(1603,'2020-06-01','524-',1,1,'Revenue',1,524,2976.19),(1604,'2020-06-01','533-',1,1,'Revenue',1,533,6071.43),(1605,'2020-06-01','525-',1,1,'Revenue',1,525,7589.32),(1606,'2020-06-01','526-',1,1,'Revenue',1,526,9005.95),(1607,'2020-06-01','534-',1,1,'Revenue',1,534,2428.57),(1608,'2020-06-01','2 - ',1,1,'Revenue',2,2,45800.00),(1609,'2020-06-01','9 - ',0,0,'Revenue',2,9,7.93),(1610,'2020-06-01','10 -',0,0,'Revenue',2,10,5.51),(1611,'2020-06-01','12 -',0,0,'Revenue',2,12,1.19),(1612,'2020-05-01','SPIR',0,0,'Spend',3,36,0.37),(1613,'2020-05-01','Born',0,0,'Spend',3,335,0.30),(1614,'2020-05-01','BILL',0,0,'Spend',3,496,17.60),(1615,'2020-05-01','AirP',1,0,'Spend',1,1,1720.82),(1616,'2020-05-01','AppN',1,0,'Spend',1,62,2727.46),(1617,'2020-05-01','Tagg',1,0,'Spend',1,619,100.27),(1618,'2020-05-01','Sona',1,0,'Spend',1,708,16038.47),(1619,'2020-05-01','degu',1,0,'Spend',2,230,7.11),(1620,'2020-05-01',': DI',1,0,'Spend',2,487,840.52),(1621,'2020-05-01','Tand',0,1,'Spend',2,569,567.25),(1622,'2020-05-01','soun',0,1,'Spend',2,618,188.47),(1623,'2020-05-01','Juan',1,0,'Spend',2,641,7.15),(1624,'2020-05-01','KODI',1,0,'Spend',2,646,3.88),(1625,'2020-05-01','Adpo',0,1,'Spend',2,661,26088.92),(1626,'2020-05-01','Adtr',1,0,'Spend',2,674,23.99),(1627,'2020-05-01','Raci',0,1,'Spend',2,712,38.43),(1628,'2020-05-01','Fans',1,0,'Spend',2,716,0.72),(1629,'2020-05-01','Grup',0,1,'Spend',2,722,117.71),(1630,'2020-05-01','VI-D',1,0,'Spend',2,723,190.29),(1631,'2020-05-01','Ocio',1,0,'Spend',2,728,12.17),(1632,'2020-05-01','Las ',1,0,'Spend',2,744,379.06),(1633,'2020-05-01','Mast',1,0,'Spend',2,746,0.00),(1634,'2020-05-01','Grup',1,0,'Spend',2,752,87.59),(1635,'2020-05-01','Revi',1,0,'Spend',2,760,30.99),(1636,'2020-05-01','Arie',1,0,'Spend',2,787,4.30),(1637,'2020-05-01','Web ',1,0,'Spend',2,791,76.92),(1638,'2020-05-01','CNN ',1,0,'Spend',2,798,6.55),(1639,'2020-05-01','Dani',1,0,'Spend',2,808,0.29),(1640,'2020-05-01','WEB3',1,0,'Spend',2,809,2890.25),(1641,'2020-05-01','Andh',1,0,'Spend',2,813,72.95),(1642,'2020-05-01','Miri',1,0,'Spend',2,815,0.30),(1643,'2020-05-01','Fote',1,0,'Spend',2,818,70.54),(1644,'2020-05-01','WEB ',0,1,'Spend',2,819,377.60),(1645,'2020-05-01','Aula',1,0,'Spend',2,828,6.53),(1646,'2020-05-01','Sile',1,0,'Spend',2,831,113.92),(1647,'2020-05-01','cuan',1,0,'Spend',2,832,24.61),(1648,'2020-05-01','iPho',1,0,'Spend',2,843,13.95),(1649,'2020-05-01','Alta',1,0,'Spend',2,845,11.05),(1650,'2020-05-01','La C',1,0,'Spend',2,857,3.13),(1651,'2020-05-01','Devi',1,0,'Spend',2,864,18.72),(1652,'2020-05-01','Davi',0,1,'Spend',2,869,212.30),(1653,'2020-05-01','Rece',1,0,'Spend',2,879,10.19),(1654,'2020-05-01','Calc',1,0,'Spend',2,887,23.83),(1655,'2020-05-01','Astr',0,1,'Spend',2,889,68.39),(1656,'2020-05-01','kush',1,0,'Spend',2,900,0.01),(1657,'2020-05-01','koox',0,1,'Spend',2,903,562.30),(1658,'2020-05-01','Caro',1,0,'Spend',2,904,38.91),(1659,'2020-05-01','Comp',1,0,'Spend',2,895,55.38),(1660,'2020-05-01','9 - ',1,0,'Revenue',2,9,5.21),(1661,'2020-05-01','Kick',0,0,'Revenue',3,167,38.22),(1662,'2020-05-01','GRIN',0,0,'Revenue',3,171,4.80),(1663,'2020-05-01','Nara',0,0,'Revenue',3,364,1.20),(1664,'2020-05-01','Fun ',0,0,'Revenue',3,366,0.40),(1665,'2020-05-01','DSNR',0,0,'Revenue',3,397,17.10),(1666,'2020-05-01','516-',1,1,'Revenue',1,516,3680.93),(1667,'2020-05-01','518-',1,1,'Revenue',1,518,4041.41),(1668,'2020-05-01','520-',1,1,'Revenue',1,520,651.84),(1669,'2020-05-01','508-',1,1,'Revenue',1,508,2210.83),(1670,'2020-05-01','509-',1,1,'Revenue',1,509,4357.02),(1671,'2020-05-01','497-',1,1,'Revenue',1,497,3776.19),(1672,'2020-05-01','500-',1,1,'Revenue',1,500,3128.83),(1673,'2020-05-01','512-',1,1,'Revenue',1,512,444.45),(1674,'2020-05-01','513-',1,1,'Revenue',1,513,665.62),(1675,'2020-05-01','517-',1,1,'Revenue',1,517,1036.81),(1676,'2020-05-01','514-',1,1,'Revenue',1,514,1042.94),(1677,'2020-05-01','515-',1,1,'Revenue',1,515,8961.29),(1678,'2020-05-01','510-',1,1,'Revenue',1,510,3067.48),(1679,'2020-05-01','506-',1,1,'Revenue',1,506,7039.88),(1680,'2020-05-01','522-',1,1,'Revenue',1,522,1346.84),(1681,'2020-05-01','523-',1,1,'Revenue',1,523,1147.24),(1682,'2020-05-01','2 - ',1,1,'Revenue',2,2,34937.27),(1683,'2020-05-01','10 -',1,0,'Revenue',2,10,36.61),(1684,'2020-05-01','12 -',1,0,'Revenue',2,12,39.15),(1685,'2020-04-01','BILL',1,0,'Spend',3,496,4948.45),(1686,'2020-02-01','Mobi',0,0,'Spend',3,2,19.95),(1687,'2020-01-01','Mobi',0,0,'Spend',3,2,9.54),(1688,'2020-07-01','AirP',1,0,'Spend',3,1,94.97),(1689,'2020-07-01','AirP',1,0,'Spend',1,1,924.60),(1690,'2020-07-01','AppN',1,0,'Spend',1,62,5429.20),(1691,'2020-07-01','Sona',1,0,'Spend',1,708,15061.04),(1692,'2020-07-01','degu',0,0,'Spend',2,230,8.14),(1693,'2020-07-01',': DI',1,0,'Spend',2,487,808.72),(1694,'2020-07-01','Bett',1,0,'Spend',2,518,41.71),(1695,'2020-07-01','KPR ',1,0,'Spend',2,565,206.77),(1696,'2020-07-01','Tand',0,0,'Spend',2,569,201.50),(1697,'2020-07-01','soun',0,0,'Spend',2,618,10.28),(1698,'2020-07-01','Juan',1,0,'Spend',2,641,3.12),(1699,'2020-07-01','KODI',1,0,'Spend',2,646,3.56),(1700,'2020-07-01','Adpo',1,0,'Spend',2,661,32564.35),(1701,'2020-07-01','Raci',1,0,'Spend',2,712,42.08),(1702,'2020-07-01','Fans',1,0,'Spend',2,716,0.44),(1703,'2020-07-01','VI-D',1,0,'Spend',2,723,245.24),(1704,'2020-07-01','Ocio',1,0,'Spend',2,728,3.74),(1705,'2020-07-01','Las ',1,0,'Spend',2,744,432.29),(1706,'2020-07-01','Revi',1,0,'Spend',2,760,10.60),(1707,'2020-07-01','Arie',0,0,'Spend',2,787,5.22),(1708,'2020-07-01','Andh',0,0,'Spend',2,813,24.74),(1709,'2020-07-01','Fote',0,0,'Spend',2,818,18.52),(1710,'2020-07-01','WEB ',0,0,'Spend',2,819,433.29),(1711,'2020-07-01','Aula',0,0,'Spend',2,828,4.99),(1712,'2020-07-01','cuan',0,0,'Spend',2,832,14.34),(1713,'2020-07-01','Alta',0,0,'Spend',2,845,16.02),(1714,'2020-07-01','La C',0,0,'Spend',2,857,2.23),(1715,'2020-07-01','Devi',0,0,'Spend',2,864,2.26),(1716,'2020-07-01','Davi',0,0,'Spend',2,869,0.02),(1717,'2020-07-01','Rece',0,0,'Spend',2,879,4.27),(1718,'2020-07-01','Astr',0,0,'Spend',2,889,31.04),(1719,'2020-07-01','Comp',1,0,'Spend',2,895,1.23),(1720,'2020-07-01','koox',0,0,'Spend',2,903,0.01),(1721,'2020-07-01','Caro',0,0,'Spend',2,904,85.82),(1722,'2020-07-01','2 - ',1,1,'Revenue',2,2,45022.24),(1723,'2020-07-01','9 - ',1,0,'Revenue',2,9,6.53),(1724,'2020-07-01','10 -',1,0,'Revenue',2,10,0.00),(1725,'2020-07-01','12 -',1,0,'Revenue',2,12,0.94),(1726,'2020-06-01','WEB3',1,0,'Spend',2,809,1806.54),(1727,'2020-07-01','Tagg',1,0,'Spend',1,619,402.11),(1728,'2020-07-01','Grup',1,0,'Spend',2,722,75.66),(1729,'2020-07-01','CNN ',0,0,'Spend',2,798,35.08),(1730,'2020-07-01','Romb',1,0,'Spend',2,898,6.01),(1731,'2020-07-01','WEB3',1,0,'Spend',2,809,1726.68),(1732,'2020-07-01','Medi',1,0,'Spend',2,862,8.04),(1733,'2020-07-01','Yiel',1,0,'Spend',2,888,22.79),(1734,'2020-07-01','541-',1,1,'Revenue',1,541,291.32),(1735,'2020-07-01','542-',1,1,'Revenue',1,542,254.90),(1736,'2020-07-01','550-',1,1,'Revenue',1,550,5714.29),(1737,'2020-07-01','544-',1,1,'Revenue',1,544,2801.12),(1738,'2020-07-01','547-',1,1,'Revenue',1,547,773.11),(1739,'2020-07-01','538-',1,1,'Revenue',1,538,4481.79),(1740,'2020-07-01','546-',1,1,'Revenue',1,546,985.99),(1741,'2020-07-01','532-',1,1,'Revenue',1,532,2801.12),(1742,'2020-07-01','535-',1,1,'Revenue',1,535,5714.29),(1743,'2020-07-01','545-',1,1,'Revenue',1,545,1523.81),(1744,'2020-07-01','552-',1,1,'Revenue',1,552,1831.30),(1745,'2020-07-01','558-',1,1,'Revenue',1,558,2801.12),(1746,'2020-07-01','539-',1,1,'Revenue',1,539,3816.00),(1747,'2020-07-01','551-',1,1,'Revenue',1,551,4370.45),(1748,'2020-07-01','548-',1,1,'Revenue',1,548,2801.12),(1749,'2020-07-01','559-',1,1,'Revenue',1,559,128.85),(1750,'2020-07-01','540-',1,1,'Revenue',1,540,6339.10),(1751,'2020-07-01','556-',1,1,'Revenue',1,556,19642.86),(1752,'2020-08-01','553-',1,1,'Revenue',1,553,1448.86),(1753,'2020-08-01','557-',1,1,'Revenue',1,557,10357.14),(1754,'2020-08-01','580-',1,1,'Revenue',1,580,130.68),(1755,'2020-08-01','AppN',1,0,'Spend',1,62,7031.52),(1756,'2020-08-01','Tagg',1,0,'Spend',1,619,0.01),(1757,'2020-08-01','Sona',1,0,'Spend',1,708,18538.29),(1758,'2020-08-01','2 - ',1,1,'Revenue',2,2,44212.63),(1759,'2020-08-01','9 - ',1,0,'Revenue',2,9,2.85),(1760,'2020-08-01','12 -',1,0,'Revenue',2,12,0.70),(1761,'2020-08-01','degu',1,0,'Spend',2,230,10.08),(1762,'2020-08-01',': DI',1,0,'Spend',2,487,812.54),(1763,'2020-08-01','Bett',1,0,'Spend',2,518,48.43),(1764,'2020-08-01','565-',1,1,'Revenue',1,565,9090.91),(1765,'2020-08-01','Juan',1,0,'Spend',2,641,3.27),(1766,'2020-08-01','KODI',1,0,'Spend',2,646,3.39),(1767,'2020-08-01','Adpo',1,0,'Spend',2,661,31086.08),(1768,'2020-08-01','Raci',1,0,'Spend',2,712,39.80),(1769,'2020-08-01','Fans',1,0,'Spend',2,716,0.72),(1770,'2020-08-01','Grup',1,0,'Spend',2,722,100.43),(1771,'2020-08-01','VI-D',1,0,'Spend',2,723,140.03),(1772,'2020-08-01','Ocio',1,0,'Spend',2,728,4.43),(1773,'2020-08-01','Las ',1,0,'Spend',2,744,654.43),(1774,'2020-08-01','Revi',1,0,'Spend',2,760,9.98),(1775,'2020-08-01','Arie',1,0,'Spend',2,787,2.33),(1776,'2020-08-01','CNN ',1,0,'Spend',2,798,57.75),(1777,'2020-08-01','Andh',1,0,'Spend',2,813,13.97),(1778,'2020-08-01','Fote',1,0,'Spend',2,818,78.12),(1779,'2020-08-01','WEB ',1,0,'Spend',2,819,460.26),(1780,'2020-08-01','Aula',1,0,'Spend',2,828,4.23),(1781,'2020-08-01','Sile',1,0,'Spend',2,831,0.01),(1782,'2020-08-01','cuan',1,0,'Spend',2,832,19.77),(1783,'2020-08-01','Alta',1,0,'Spend',2,845,15.18),(1784,'2020-08-01','La C',1,0,'Spend',2,857,1.95),(1785,'2020-08-01','Davi',1,0,'Spend',2,869,0.02),(1786,'2020-08-01','Rece',1,0,'Spend',2,879,3.22),(1787,'2020-08-01','Astr',1,0,'Spend',2,889,26.56),(1788,'2020-08-01','Comp',1,0,'Spend',2,895,0.76),(1789,'2020-08-01','Romb',1,0,'Spend',2,898,1.82),(1790,'2020-08-01','Caro',1,0,'Spend',2,904,52.75),(1791,'2020-08-01','561-',1,1,'Revenue',1,561,258.52),(1792,'2020-08-01','562-',1,1,'Revenue',1,562,295.45),(1793,'2020-08-01','574-',1,1,'Revenue',1,574,5210.37),(1794,'2020-08-01','566-',1,1,'Revenue',1,566,727.27),(1795,'2020-08-01','KPR ',1,0,'Spend',2,565,502.54),(1796,'2020-08-01','569-',1,1,'Revenue',1,569,3863.62),(1797,'2020-08-01','WEB3',1,0,'Spend',2,809,3161.70),(1798,'2020-08-01','Medi',1,0,'Spend',2,862,2.24),(1799,'2020-08-01','Yiel',1,0,'Spend',2,888,26.42),(1800,'2020-08-01','ADTH',1,0,'Spend',2,920,1.34),(1801,'2020-08-01','Good',1,0,'Spend',2,921,22.37),(1802,'2020-08-01','Adve',1,0,'Spend',2,924,1.20),(1803,'2020-08-01','578-',1,1,'Revenue',1,578,1855.16),(1804,'2020-08-01','567-',1,1,'Revenue',1,567,4829.55),(1805,'2020-08-01','571-',1,1,'Revenue',1,571,2897.73),(1806,'2020-08-01','570-',1,0,'Revenue',1,570,2840.91),(1807,'2020-08-01','576-',1,0,'Revenue',1,576,1704.55),(1808,'2020-08-01','573-',1,1,'Revenue',1,573,2897.68),(1809,'2020-08-01','581-',1,0,'Revenue',1,581,0.00),(1810,'2020-08-01','572-',1,1,'Revenue',1,572,6574.41),(1811,'2020-08-01','563-',1,1,'Revenue',1,563,1826.87),(1812,'2020-08-01','560-',1,1,'Revenue',1,560,665.00),(1813,'2020-08-01','555-',1,1,'Revenue',1,555,10141.62),(1814,'2020-04-01','480-',1,1,'Revenue',1,480,1763.26),(1815,'2020-09-01','577-',1,0,'Revenue',1,577,1142.86),(1816,'2020-09-01','AppN',1,0,'Spend',1,62,1481.79),(1817,'2020-09-01','Tagg',1,0,'Spend',1,619,48.46),(1818,'2020-09-01','Sona',1,0,'Spend',1,708,14063.04),(1819,'2020-09-01','2 - ',1,1,'Revenue',2,2,49939.88),(1820,'2020-09-01','9 - ',1,0,'Revenue',2,9,1.70),(1821,'2020-09-01','degu',1,0,'Spend',2,230,9.10),(1822,'2020-09-01',': DI',1,0,'Spend',2,487,1745.16),(1823,'2020-09-01','Bett',1,0,'Spend',2,518,54.41),(1824,'2020-09-01','KPR ',1,0,'Spend',2,565,1010.21),(1825,'2020-09-01','Juan',1,0,'Spend',2,641,4.56),(1826,'2020-09-01','KODI',1,0,'Spend',2,646,4.42),(1827,'2020-09-01','Adpo',1,0,'Spend',2,661,31515.01),(1828,'2020-09-01','Raci',1,0,'Spend',2,712,43.74),(1829,'2020-09-01','Fans',1,0,'Spend',2,716,0.69),(1830,'2020-09-01','VI-D',1,0,'Spend',2,723,0.29),(1831,'2020-09-01','Ocio',1,0,'Spend',2,728,2.66),(1832,'2020-09-01','Las ',1,0,'Spend',2,744,416.47),(1833,'2020-09-01','Revi',1,0,'Spend',2,760,8.25),(1834,'2020-09-01','Arie',1,0,'Spend',2,787,1.15),(1835,'2020-09-01','CNN ',1,0,'Spend',2,798,2.46),(1836,'2020-09-01','Andh',1,0,'Spend',2,813,1.22),(1837,'2020-09-01','Fote',1,0,'Spend',2,818,108.62),(1838,'2020-09-01','WEB ',1,0,'Spend',2,819,757.56),(1839,'2020-09-01','Aula',1,0,'Spend',2,828,5.67),(1840,'2020-09-01','cuan',1,0,'Spend',2,832,18.88),(1841,'2020-09-01','Alta',1,0,'Spend',2,845,14.72),(1842,'2020-09-01','La C',1,0,'Spend',2,857,2.39),(1843,'2020-09-01','Rece',1,0,'Spend',2,879,3.09),(1844,'2020-09-01','Astr',1,0,'Spend',2,889,12.31),(1845,'2020-09-01','Comp',1,0,'Spend',2,895,0.43),(1846,'2020-09-01','Romb',1,0,'Spend',2,898,1.10),(1847,'2020-09-01','Caro',1,0,'Spend',2,904,0.01),(1848,'2020-09-01','Norv',1,0,'Spend',2,931,191.31),(1849,'2020-09-01','Olym',1,0,'Spend',2,935,11.35),(1850,'2020-09-01','LMNE',1,0,'Spend',2,939,43.74),(1851,'2020-02-01','Smar',0,0,'Spend',1,783,550.94),(1852,'2020-09-01','575-',1,1,'Revenue',1,575,4474.14),(1853,'2020-09-01','594-',1,1,'Revenue',1,594,131.43),(1854,'2020-09-01','589-',1,1,'Revenue',1,589,2000.00),(1855,'2020-09-01','AirP',1,0,'Spend',1,1,487.88),(1856,'2020-09-01','Somo',1,0,'Spend',2,950,2.50),(1857,'2020-09-01','Auto',1,0,'Spend',2,952,518.72),(1858,'2020-09-01','579-',1,1,'Revenue',1,579,3731.75),(1859,'2020-09-01','586-',1,1,'Revenue',1,586,4873.00),(1860,'2020-09-01','591-',1,1,'Revenue',1,591,2227.48),(1861,'2020-09-01','588-',1,1,'Revenue',1,588,2914.29),(1862,'2020-09-01','584-',1,1,'Revenue',1,584,3657.14),(1863,'2020-09-01','583-',1,1,'Revenue',1,583,4371.45),(1864,'2020-09-01','585-',1,1,'Revenue',1,585,2331.45),(1865,'2020-09-01','587-',1,1,'Revenue',1,587,3885.70),(1866,'2020-09-01','WEB3',1,0,'Spend',2,809,3992.52),(1867,'2020-09-01','ADTH',1,0,'Spend',2,920,6.96),(1868,'2020-09-01','Xert',1,0,'Spend',2,922,9.17),(1869,'2020-09-01','Adve',1,0,'Spend',2,924,31.06),(1870,'2020-09-01','EMPR',1,0,'Spend',2,814,28.23),(1871,'2020-09-01','Adny',1,0,'Spend',2,957,4.89),(1872,'2020-09-01','595-',1,0,'Revenue',1,595,1142.86),(1873,'2020-09-01','568-',1,1,'Revenue',1,568,685.83),(1874,'2020-09-01','582-',1,1,'Revenue',1,582,6337.86),(1875,'2020-06-01','528-',1,1,'Revenue',1,528,2093.92),(1876,'2020-10-01','598-',1,1,'Revenue',1,598,1257.19),(1877,'2020-10-01','607-',1,1,'Revenue',1,607,3173.51),(1878,'2020-10-01','608-',1,1,'Revenue',1,608,2857.14),(1879,'2020-10-01','596-',1,0,'Revenue',1,596,2801.12),(1880,'2020-10-01','605-',1,0,'Revenue',1,605,0.00),(1881,'2020-10-01','606-',1,1,'Revenue',1,606,2689.08),(1882,'2020-10-01','599-',1,1,'Revenue',1,599,4047.60),(1883,'2020-10-01','609-',1,1,'Revenue',1,609,3494.10),(1884,'2020-10-01','AirP',1,0,'Spend',1,1,694.67),(1885,'2020-10-01','AppN',1,0,'Spend',1,62,2961.30),(1886,'2020-10-01','Tagg',1,0,'Spend',1,619,7.09),(1887,'2020-10-01','Sona',1,0,'Spend',1,708,17577.29),(1888,'2020-10-01','2 - ',1,0,'Revenue',2,2,51320.01),(1889,'2020-10-01','9 - ',1,0,'Revenue',2,9,0.07),(1890,'2020-10-01','degu',1,0,'Spend',2,230,9.75),(1891,'2020-10-01',': DI',1,0,'Spend',2,487,917.06),(1892,'2020-10-01','Bett',1,0,'Spend',2,518,45.95),(1893,'2020-10-01','Juan',1,0,'Spend',2,641,3.71),(1894,'2020-10-01','KODI',1,0,'Spend',2,646,4.78),(1895,'2020-10-01','Adpo',1,0,'Spend',2,661,40946.74),(1896,'2020-10-01','Raci',1,0,'Spend',2,712,48.34),(1897,'2020-10-01','Fans',1,0,'Spend',2,716,0.06),(1898,'2020-10-01','Grup',1,0,'Spend',2,722,0.01),(1899,'2020-10-01','VI-D',1,0,'Spend',2,723,0.05),(1900,'2020-10-01','Ocio',1,0,'Spend',2,728,4.22),(1901,'2020-10-01','Las ',1,0,'Spend',2,744,149.63),(1902,'2020-10-01','Grup',1,0,'Spend',2,752,27.45),(1903,'2020-10-01','Revi',1,0,'Spend',2,760,11.72),(1904,'2020-10-01','Arie',1,0,'Spend',2,787,0.05),(1905,'2020-10-01','CNN ',1,0,'Spend',2,798,2.21),(1906,'2020-10-01','Andh',1,0,'Spend',2,813,1.09),(1907,'2020-10-01','Fote',1,0,'Spend',2,818,40.44),(1908,'2020-10-01','WEB ',1,0,'Spend',2,819,604.51),(1909,'2020-10-01','Aula',1,0,'Spend',2,828,6.09),(1910,'2020-10-01','cuan',1,0,'Spend',2,832,19.89),(1911,'2020-10-01','Alta',1,0,'Spend',2,845,19.66),(1912,'2020-10-01','La C',1,0,'Spend',2,857,2.26),(1913,'2020-10-01','Rece',1,0,'Spend',2,879,2.99),(1914,'2020-10-01','Astr',1,0,'Spend',2,889,0.01),(1915,'2020-10-01','Comp',1,0,'Spend',2,895,0.62),(1916,'2020-10-01','Romb',1,0,'Spend',2,898,4.01),(1917,'2020-10-01','Norv',1,0,'Spend',2,931,3.69),(1918,'2020-10-01','Olym',1,0,'Spend',2,935,5.05),(1919,'2020-10-01','LMNE',1,0,'Spend',2,939,69.89),(1920,'2020-10-01','Somo',1,0,'Spend',2,950,6.44),(1921,'2020-10-01','Auto',1,0,'Spend',2,952,1706.60),(1922,'2020-10-01','www.',1,0,'Spend',2,960,12.67),(1923,'2020-10-01','Terr',1,0,'Spend',2,966,19.09),(1924,'2020-08-01','564-',1,0,'Revenue',1,564,0.00),(1925,'2020-10-01','DFP',1,0,'Spend',1,977,786.43),(1926,'2020-10-01','Sona',1,0,'Spend',3,708,289.03),(1927,'2020-10-01','616-',1,1,'Revenue',1,616,1189.88),(1928,'2020-10-01','602-',1,1,'Revenue',1,602,3331.61),(1929,'2020-10-01','610-',1,1,'Revenue',1,610,4100.53),(1930,'2020-10-01','600-',1,1,'Revenue',1,600,1523.84),(1931,'2020-10-01','597-',1,1,'Revenue',1,597,4691.35),(1932,'2020-10-01','618-',1,1,'Revenue',1,618,3400.00),(1933,'2020-10-01','601-',1,1,'Revenue',1,601,3809.51),(1934,'2020-10-01','612-',1,1,'Revenue',1,612,7142.81),(1935,'2020-10-01','QUIN',1,0,'Spend',1,676,87.71),(1936,'2020-10-01','VI-D',1,0,'Spend',1,723,2.72),(1937,'2020-10-01','Good',1,0,'Spend',1,921,12.22),(1938,'2020-10-01','Metr',1,0,'Spend',2,955,46.14),(1939,'2020-10-01','603-',1,1,'Revenue',1,603,4033.61),(1940,'2020-10-01','614-',1,1,'Revenue',1,614,6722.69),(1941,'2020-10-01','613-',1,1,'Revenue',1,613,257.70),(1942,'2020-10-01','593-',1,1,'Revenue',1,593,1344.43),(1943,'2020-10-01','Adny',0,0,'Spend',2,957,185.96),(1944,'2020-11-01','MOBE',0,0,'Revenue',3,354,1048.86),(1945,'2020-11-01','AirP',1,0,'Spend',3,1,30.80),(1946,'2020-11-01','Face',1,0,'Spend',3,84,17.72),(1947,'2020-11-01','Sona',1,0,'Spend',3,708,468.90),(1948,'2020-11-01','629-',1,1,'Revenue',1,629,674.62),(1949,'2020-11-01','634-',1,1,'Revenue',1,634,131.43),(1950,'2020-11-01','650-',1,1,'Revenue',1,650,131.43),(1951,'2020-11-01','632-',1,0,'Revenue',1,632,0.00),(1952,'2020-11-01','623-',1,1,'Revenue',1,623,1214.29),(1953,'2020-11-01','633-',1,1,'Revenue',1,633,4857.18),(1954,'2020-11-01','643-',1,1,'Revenue',1,643,2057.14),(1955,'2020-11-01','642-',1,1,'Revenue',1,642,3428.57),(1956,'2020-11-01','AirP',1,0,'Spend',1,1,1253.75),(1957,'2020-11-01','AppN',1,0,'Spend',1,62,7203.66),(1958,'2020-11-01','Face',1,0,'Spend',1,84,63.19),(1959,'2020-11-01','Sona',1,0,'Spend',1,708,10157.22),(1960,'2020-11-01','DFP',1,0,'Spend',1,977,513.69),(1961,'2020-11-01','2 - ',0,0,'Revenue',2,2,41979.28),(1962,'2020-11-01','9 - ',0,0,'Revenue',2,9,0.00),(1963,'2020-11-01','degu',1,0,'Spend',2,230,2.32),(1964,'2020-11-01',': DI',1,0,'Spend',2,487,1217.62),(1965,'2020-11-01','Bett',1,0,'Spend',2,518,49.28),(1966,'2020-11-01','Juan',1,0,'Spend',2,641,4.36),(1967,'2020-11-01','KODI',1,0,'Spend',2,646,4.22),(1968,'2020-11-01','Adpo',1,0,'Spend',2,661,0.00),(1969,'2020-11-01','Raci',1,0,'Spend',2,712,41.62),(1970,'2020-11-01','Fans',1,0,'Spend',2,716,0.02),(1971,'2020-11-01','Ocio',1,0,'Spend',2,728,0.60),(1972,'2020-11-01','Las ',1,0,'Spend',2,744,376.01),(1973,'2020-11-01','Grup',1,0,'Spend',2,752,26.68),(1974,'2020-11-01','Revi',1,0,'Spend',2,760,7.21),(1975,'2020-11-01','CNN ',1,0,'Spend',2,798,3.56),(1976,'2020-11-01','Andh',1,0,'Spend',2,813,0.88),(1977,'2020-11-01','WEB ',1,0,'Spend',2,819,152.10),(1978,'2020-11-01','Aula',1,0,'Spend',2,828,4.32),(1979,'2020-11-01','cuan',1,0,'Spend',2,832,21.67),(1980,'2020-11-01','Alta',1,0,'Spend',2,845,11.93),(1981,'2020-11-01','La C',1,0,'Spend',2,857,2.22),(1982,'2020-11-01','Rece',1,0,'Spend',2,879,4.25),(1983,'2020-11-01','Comp',1,0,'Spend',2,895,0.49),(1984,'2020-11-01','Romb',0,0,'Spend',2,898,0.99),(1985,'2020-11-01','Norv',1,0,'Spend',2,931,0.86),(1986,'2020-11-01','Olym',1,0,'Spend',2,935,5.89),(1987,'2020-11-01','LMNE',1,0,'Spend',2,939,21.51),(1988,'2020-11-01','Somo',1,0,'Spend',2,950,7.18),(1989,'2020-11-01','Auto',1,0,'Spend',2,952,1829.59),(1990,'2020-11-01','www.',1,0,'Spend',2,960,5.86),(1991,'2020-11-01','Terr',1,0,'Spend',2,966,37.36),(1992,'2020-11-01','620-',1,1,'Revenue',1,620,15600.00),(1993,'2020-11-01','644-',1,1,'Revenue',1,644,2285.71),(1994,'2020-11-01','622-',1,1,'Revenue',1,622,5828.57),(1995,'2020-11-01','630-',1,1,'Revenue',1,630,5485.71),(1996,'2020-11-01','647-',1,1,'Revenue',1,647,690.77),(1997,'2020-11-01','639-',1,1,'Revenue',1,639,4857.14),(1998,'2020-11-01','645-',1,0,'Revenue',1,645,154.13),(1999,'2020-11-01','Minu',1,0,'Spend',2,940,28.65),(2000,'2020-11-01','Adny',1,0,'Spend',2,957,50.98),(2001,'2020-11-01','BUSC',1,0,'Spend',2,984,30.43),(2002,'2020-11-01','638-',1,1,'Revenue',1,638,2000.00),(2003,'2020-11-01','Grup',1,0,'Spend',1,722,114.92),(2004,'2020-11-01','635-',1,1,'Revenue',1,635,3318.94),(2005,'2020-12-01','621-',1,1,'Revenue',1,621,1000.00),(2006,'2020-12-01','654-',1,0,'Revenue',1,654,8571.43),(2007,'2020-12-01','657-',1,1,'Revenue',1,657,4857.18),(2008,'2020-12-01','649-',1,1,'Revenue',1,649,4490.02),(2009,'2020-12-01','661-',1,0,'Revenue',1,661,1714.29),(2010,'2020-12-01','665-',1,0,'Revenue',1,665,4000.00),(2011,'2020-12-01','648-',1,1,'Revenue',1,648,1130.28),(2012,'2020-12-01','AirP',1,0,'Spend',1,1,277.13),(2013,'2020-12-01','GOOG',1,0,'Spend',1,4,314.57),(2014,'2020-12-01','AppN',0,0,'Spend',1,62,3759.98),(2015,'2020-12-01','Face',1,0,'Spend',1,84,3.06),(2016,'2020-12-01','Sona',1,0,'Spend',1,708,12035.83),(2017,'2020-12-01','DFP',1,0,'Spend',1,977,151.79),(2018,'2020-12-01','2 - ',1,0,'Revenue',2,2,17.95),(2019,'2020-12-01','9 - ',1,0,'Revenue',2,9,0.00),(2020,'2020-12-01','KODI',1,0,'Spend',2,646,0.20),(2021,'2020-12-01','Raci',1,0,'Spend',2,712,0.81),(2022,'2020-12-01','Fans',1,0,'Spend',2,716,0.01),(2023,'2020-12-01','Revi',1,0,'Spend',2,760,0.44),(2024,'2020-12-01','Andh',1,0,'Spend',2,813,0.03),(2025,'2020-12-01','WEB ',1,0,'Spend',2,819,12.95),(2026,'2020-12-01','Aula',1,0,'Spend',2,828,0.06),(2027,'2020-12-01','cuan',1,0,'Spend',2,832,0.27),(2028,'2020-12-01','La C',1,0,'Spend',2,857,0.08),(2029,'2020-12-01','Rece',1,0,'Spend',2,879,0.59),(2030,'2020-12-01','Comp',1,0,'Spend',2,895,0.05),(2031,'2020-12-01','Norv',1,0,'Spend',2,931,0.02),(2032,'2020-12-01','663-',1,1,'Revenue',1,663,728.57),(2033,'2020-12-01','664-',1,1,'Revenue',1,664,3035.71),(2034,'2020-12-01','660-',1,1,'Revenue',1,660,2185.71),(2035,'2020-12-01','666-',1,1,'Revenue',1,666,131.43),(2036,'2020-12-01','655-',1,1,'Revenue',1,655,2331.43),(2037,'2020-12-01','656-',1,1,'Revenue',1,656,3205.72),(2038,'2020-12-01','670-',1,1,'Revenue',1,670,1457.14),(2039,'2020-12-01','658-',1,1,'Revenue',1,658,2000.00),(2040,'2020-12-01','651-',1,1,'Revenue',1,651,2162.00),(2041,'2020-12-01','13 -',1,0,'Revenue',2,13,899.44),(2042,'2020-12-01','BUSC',0,0,'Spend',2,984,66.86),(2043,'2020-11-01','631-',1,1,'Revenue',1,631,289.03),(2044,'2020-11-01','636-',1,1,'Revenue',1,636,969.24),(2045,'2020-11-01','637-',1,1,'Revenue',1,637,651.59),(2046,'2020-01-01','AppN',1,0,'Spend',1,62,1209.37),(2047,'2020-12-01','652-',1,1,'Revenue',1,652,6528.00),(2048,'2020-12-01','659-',1,1,'Revenue',1,659,2285.71),(2049,'2020-12-01','QUIN',1,0,'Spend',1,676,63.90),(2050,'2020-12-01','Good',1,0,'Spend',1,921,88.89),(2051,'2020-12-01',': DI',1,0,'Spend',2,487,457.57),(2052,'2020-12-01','WEB3',1,0,'Spend',2,809,88.58),(2053,'2020-12-01','ADTH',1,0,'Spend',2,920,109.25),(2054,'2020-12-01','Adve',1,0,'Spend',2,924,325.66),(2055,'2020-12-01','Auto',1,0,'Spend',2,952,27.96),(2056,'2018-01-01','671-',1,1,'Revenue',1,671,3548.51),(2057,'2018-01-01','662-',1,1,'Revenue',1,662,1893.56),(2058,'2018-01-01','672-',1,1,'Revenue',1,672,1782.18),(2059,'2018-01-01','653-',1,1,'Revenue',1,653,2162.00),(2060,'2018-01-01','AirP',1,0,'Spend',1,1,854.54),(2061,'2018-01-01','GOOG',1,0,'Spend',1,4,492.23),(2062,'2018-01-01','AppN',1,0,'Spend',1,62,1511.73),(2063,'2018-01-01','Face',0,0,'Spend',1,84,0.10),(2064,'2018-01-01','Sona',1,0,'Spend',1,708,7339.50),(2065,'2018-01-01','DFP',1,0,'Spend',1,977,156.75),(2066,'2018-01-01','2 - ',1,0,'Revenue',2,2,634.76),(2067,'2018-01-01','9 - ',1,0,'Revenue',2,9,0.00),(2068,'2018-01-01','13 -',1,0,'Revenue',2,13,986.36),(2069,'2018-01-01','degu',1,0,'Spend',2,230,0.01),(2070,'2018-01-01',': DI',1,0,'Spend',2,487,995.79),(2071,'2018-01-01','KODI',1,0,'Spend',2,646,2.49),(2072,'2018-01-01','Raci',1,0,'Spend',2,712,1.79),(2073,'2018-01-01','Fans',1,0,'Spend',2,716,0.09),(2074,'2018-01-01','Las ',1,0,'Spend',2,744,48.09),(2075,'2018-01-01','Revi',1,0,'Spend',2,760,3.49),(2076,'2018-01-01','Andh',1,0,'Spend',2,813,2.39),(2077,'2018-01-01','WEB ',1,0,'Spend',2,819,365.94),(2078,'2018-01-01','Aula',1,0,'Spend',2,828,1.77),(2079,'2018-01-01','cuan',1,0,'Spend',2,832,7.42),(2080,'2018-01-01','Alta',1,0,'Spend',2,845,5.49),(2081,'2018-01-01','La C',1,0,'Spend',2,857,0.95),(2082,'2018-01-01','Rece',1,0,'Spend',2,879,2.09),(2083,'2018-01-01','Comp',1,0,'Spend',2,895,0.75),(2084,'2018-01-01','Norv',1,0,'Spend',2,931,0.02),(2085,'2018-01-01','Auto',1,0,'Spend',2,952,4.84),(2086,'2018-01-01','BUSC',1,0,'Spend',2,984,39.56),(2087,'2018-01-01','678-',1,1,'Revenue',1,678,2079.21),(2088,'2018-01-01','673-',1,1,'Revenue',1,673,2524.75),(2089,'2018-01-01','674-',1,1,'Revenue',1,674,1851.49),(2090,'2018-01-01','675-',1,1,'Revenue',1,675,3366.35),(2091,'2018-01-01','677-',1,1,'Revenue',1,677,2703.00),(2092,'2018-01-01','676-',1,1,'Revenue',1,676,227.72),(2093,'2018-02-01','689-',1,1,'Revenue',1,689,110.31),(2094,'2018-02-01','690-',1,1,'Revenue',1,690,110.31),(2095,'2018-02-01','691-',1,1,'Revenue',1,691,110.31),(2096,'2018-02-01','696-',1,1,'Revenue',1,696,110.31),(2097,'2018-02-01','686-',1,1,'Revenue',1,686,767.39),(2098,'2018-02-01','AirP',1,0,'Spend',1,1,1812.81),(2099,'2018-02-01','AppN',1,0,'Spend',1,62,4558.72),(2100,'2018-02-01','Sona',1,0,'Spend',1,708,11841.08),(2101,'2018-02-01','DFP',0,0,'Spend',1,977,283.39),(2102,'2018-02-01','Bout',0,0,'Spend',1,997,0.20),(2103,'2018-02-01','2 - ',1,0,'Revenue',2,2,214.20),(2104,'2018-02-01','9 - ',1,0,'Revenue',2,9,0.00),(2105,'2018-02-01','13 -',1,0,'Revenue',2,13,162.62),(2106,'2018-02-01',': DI',1,0,'Spend',2,487,463.90),(2107,'2018-02-01','KODI',1,0,'Spend',2,646,1.52),(2108,'2018-02-01','Fans',1,0,'Spend',2,716,0.35),(2109,'2018-02-01','Las ',1,0,'Spend',2,744,46.30),(2110,'2018-02-01','Revi',1,0,'Spend',2,760,0.16),(2111,'2018-02-01','Andh',1,0,'Spend',2,813,0.47),(2112,'2018-02-01','WEB ',1,0,'Spend',2,819,74.82),(2113,'2018-02-01','Aula',1,0,'Spend',2,828,0.13),(2114,'2018-02-01','Alta',1,0,'Spend',2,845,4.00),(2115,'2018-02-01','La C',1,0,'Spend',2,857,0.41),(2116,'2018-02-01','Rece',1,0,'Spend',2,879,2.27),(2117,'2018-02-01','Comp',1,0,'Spend',2,895,0.58),(2118,'2018-02-01','Auto',1,0,'Spend',2,952,0.02),(2119,'2018-02-01','684-',1,1,'Revenue',1,684,2398.08),(2120,'2018-02-01','685-',1,1,'Revenue',1,685,4076.74),(2121,'2018-02-01','695-',1,1,'Revenue',1,695,8153.48),(2122,'2018-02-01','687-',1,0,'Revenue',1,687,8000.00),(2123,'2018-02-01','692-',1,1,'Revenue',1,692,1483.93),(2124,'2018-02-01','688-',1,1,'Revenue',1,688,12176.00),(2125,'2018-03-01','Nasp',0,0,'Revenue',3,456,48.00),(2126,'2018-03-01','GOOG',1,0,'Spend',3,4,8.79),(2127,'2018-03-01','SPIR',1,0,'Spend',3,36,0.00),(2128,'2018-03-01','Peak',1,0,'Spend',3,998,0.00),(2129,'2018-03-01','698-',1,1,'Revenue',1,698,7260.00),(2130,'2018-03-01','706-',1,1,'Revenue',1,706,6781.51),(2131,'2018-03-01','703-',1,0,'Revenue',1,703,1764.71),(2132,'2018-03-01','699-',1,0,'Revenue',1,699,0.00),(2133,'2018-03-01','701-',1,0,'Revenue',1,701,4166.67),(2134,'2018-03-01','702-',1,0,'Revenue',1,702,4166.67),(2135,'2018-03-01','710-',1,0,'Revenue',1,710,1497.55),(2136,'2018-03-01','717-',1,0,'Revenue',1,717,4166.66),(2137,'2018-03-01','721-',1,0,'Revenue',1,721,8333.38),(2138,'2018-03-01','731-',1,0,'Revenue',1,731,585.41),(2139,'2018-03-01','708-',1,0,'Revenue',1,708,3186.27),(2140,'2018-03-01','700-',1,1,'Revenue',1,700,2941.18),(2141,'2018-03-01','704-',1,1,'Revenue',1,704,2941.18),(2142,'2018-03-01','697-',1,1,'Revenue',1,697,2450.98),(2143,'2018-03-01','729-',1,1,'Revenue',1,729,1621.00),(2144,'2018-03-01','694-',1,1,'Revenue',1,694,2450.98),(2145,'2018-03-01','693-',1,1,'Revenue',1,693,608.33),(2146,'2018-03-01','705-',1,0,'Revenue',1,705,1666.67),(2147,'2018-03-01','736-',1,0,'Revenue',1,736,29.54),(2148,'2018-03-01','AirP',1,0,'Spend',1,1,995.25),(2149,'2018-03-01','GOOG',1,0,'Spend',1,4,107.01),(2150,'2018-03-01','AppN',1,0,'Spend',1,62,2746.52),(2151,'2018-03-01','Sona',1,0,'Spend',1,708,12839.55),(2152,'2018-03-01','DFP',0,0,'Spend',1,977,1458.16),(2153,'2018-03-01','Worf',1,0,'Spend',1,918,1033.39),(2154,'2018-03-01','RPA ',1,0,'Spend',1,999,389.20),(2155,'2018-03-01','2 - ',1,0,'Revenue',2,2,1323.20),(2156,'2018-03-01','9 - ',1,0,'Revenue',2,9,0.00),(2157,'2018-03-01','13 -',1,0,'Revenue',2,13,1384.00),(2158,'2018-03-01','degu',1,0,'Spend',2,230,0.03),(2159,'2018-03-01',': DI',1,0,'Spend',2,487,242.99),(2160,'2018-03-01','Fans',1,0,'Spend',2,716,0.23),(2161,'2018-03-01','Las ',1,0,'Spend',2,744,46.77),(2162,'2018-03-01','Revi',1,0,'Spend',2,760,0.02),(2163,'2018-03-01','WEB ',1,0,'Spend',2,819,874.87),(2164,'2018-03-01','Alta',1,0,'Spend',2,845,1.83),(2165,'2018-03-01','La C',1,0,'Spend',2,857,0.06),(2166,'2018-03-01','Rece',1,0,'Spend',2,879,1.92),(2167,'2018-03-01','Comp',1,0,'Spend',2,895,0.62),(2168,'2018-03-01','Norv',1,0,'Spend',2,931,0.01),(2169,'2018-04-01','Uber',1,0,'Revenue',3,446,5475.00),(2170,'2018-04-01','Nasp',1,0,'Revenue',3,456,0.00),(2171,'2018-04-01','Benn',1,0,'Revenue',3,457,12914.42),(2172,'2018-04-01','PLAY',1,0,'Revenue',3,458,2190.38),(2173,'2018-04-01','Cont',1,0,'Revenue',3,465,3307.69),(2174,'2018-04-01','Joke',1,0,'Revenue',3,466,2.88),(2175,'2018-04-01','Cell',1,0,'Revenue',3,467,108.00),(2176,'2018-04-01','ExoC',1,0,'Spend',3,15,83.52),(2177,'2018-04-01','SPIR',1,0,'Spend',3,36,1620.40),(2178,'2018-04-01','Glob',1,0,'Spend',3,492,4672.60),(2179,'2018-04-01','Sona',1,0,'Spend',3,708,4.44),(2180,'2018-04-01','Go-r',1,0,'Spend',3,1000,0.00),(2181,'2018-04-01','AppT',1,0,'Spend',3,1009,26.80),(2182,'2018-04-01','714-',1,1,'Revenue',1,714,574.56),(2183,'2018-04-01','AirP',1,0,'Spend',1,1,503.26),(2184,'2018-04-01','AppN',1,0,'Spend',1,62,1638.29),(2185,'2018-04-01','Sona',1,0,'Spend',1,708,10523.89),(2186,'2018-04-01','DFP',0,0,'Spend',1,977,196.68),(2187,'2018-04-01','2 - ',1,0,'Revenue',2,2,578.91),(2188,'2018-04-01',': DI',1,0,'Spend',2,487,0.14),(2189,'2018-04-01','Fans',1,0,'Spend',2,716,0.22),(2190,'2018-04-01','Las ',1,0,'Spend',2,744,49.23),(2191,'2018-04-01','WEB ',1,0,'Spend',2,819,353.40),(2192,'2018-04-01','La C',1,0,'Spend',2,857,0.05),(2193,'2018-04-01','Rece',1,0,'Spend',2,879,1.87),(2194,'2018-04-01','Comp',1,0,'Spend',2,895,0.47),(2195,'2018-01-01','680-',1,0,'Revenue',1,680,488.42),(2196,'2018-01-01','682-',1,0,'Revenue',1,682,364.65),(2197,'2018-02-01','681-',1,0,'Revenue',1,681,5679.33),(2198,'2018-02-01','683-',1,0,'Revenue',1,683,4247.91),(2199,'2018-04-01','Worf',1,0,'Spend',1,918,216.37),(2200,'2018-05-01','Benn',1,0,'Revenue',3,457,25580.30),(2201,'2018-05-01','PLAY',1,0,'Revenue',3,458,332.78),(2202,'2018-05-01','Cont',1,0,'Revenue',3,465,1113.41),(2203,'2018-05-01','Cell',1,0,'Revenue',3,467,504.00),(2204,'2018-05-01','SPIR',1,0,'Spend',3,36,1096.80),(2205,'2018-05-01','Glob',1,0,'Spend',3,492,8334.30),(2206,'2018-05-01','AirP',1,0,'Spend',1,1,367.83),(2207,'2018-05-01','Sona',1,0,'Spend',1,708,12426.75),(2208,'2018-05-01','2 - ',1,0,'Revenue',2,2,80.21),(2209,'2018-05-01','Fans',1,0,'Spend',2,716,0.13),(2210,'2018-05-01','Las ',1,0,'Spend',2,744,53.46),(2211,'2018-05-01','Rece',1,0,'Spend',2,879,2.12),(2212,'2018-05-01','Comp',1,0,'Spend',2,895,0.54),(2213,'2018-04-01','Medi',1,0,'Revenue',3,460,151.92),(2214,'2018-04-01','Digi',1,0,'Revenue',3,462,6.73),(2215,'2018-04-01','Spyk',1,0,'Spend',3,1004,2808.00),(2216,'2018-04-01','749-',1,1,'Revenue',1,749,4086.54),(2217,'2018-04-01','746-',1,1,'Revenue',1,746,2009.62),(2218,'2018-04-01','735-',1,1,'Revenue',1,735,1466.93),(2219,'2018-04-01','742-',1,1,'Revenue',1,742,4086.53),(2220,'2018-04-01','707-',1,1,'Revenue',1,707,2542.51),(2221,'2018-04-01','745-',1,1,'Revenue',1,745,3688.55),(2222,'2018-04-01','757-',1,0,'Revenue',1,757,3449.62),(2223,'2018-04-01','761-',1,1,'Revenue',1,761,2884.62),(2224,'2018-04-01','752-',1,1,'Revenue',1,752,3846.15),(2225,'2018-04-01','763-',1,1,'Revenue',1,763,1538.46),(2226,'2018-04-01','760-',1,1,'Revenue',1,760,4615.38),(2227,'2018-04-01','753-',1,1,'Revenue',1,753,3269.23),(2228,'2018-04-01','767-',1,1,'Revenue',1,767,961.54),(2229,'2018-04-01','Spyk',1,0,'Spend',3,1005,3808.00),(2230,'2018-04-01','741-',1,1,'Revenue',1,741,1770.00),(2231,'2018-04-01','768-',1,1,'Revenue',1,768,1057.69),(2232,'2018-05-01','Uber',1,0,'Revenue',3,446,37743.50),(2233,'2018-05-01','Nasp',1,0,'Revenue',3,456,0.00),(2234,'2018-05-01','Medi',1,0,'Revenue',3,460,7406.46),(2235,'2018-05-01','Cycl',1,0,'Revenue',3,461,529.80),(2236,'2018-05-01','Digi',1,0,'Revenue',3,462,702.81),(2237,'2018-05-01','Smar',1,0,'Revenue',3,483,7.45),(2238,'2018-05-01','ExoC',1,0,'Spend',3,15,0.47),(2239,'2018-05-01','773-',1,1,'Revenue',1,773,2649.01),(2240,'2018-05-01','Spyk',1,0,'Spend',3,1005,23170.35),(2241,'2018-05-01','COLL',1,0,'Spend',3,1007,4.80),(2242,'2018-05-01','AppT',1,0,'Spend',3,1009,205.50),(2243,'2018-05-01','Adoc',1,0,'Spend',3,1013,1188.75),(2244,'2018-05-01','Glob',1,0,'Spend',3,1014,2308.95),(2245,'2018-05-01','769-',1,1,'Revenue',1,769,745.03),(2246,'2018-05-01','762-',1,1,'Revenue',1,762,1655.63),(2247,'2018-05-01','778-',1,1,'Revenue',1,778,274.17),(2248,'2018-05-01','779-',1,1,'Revenue',1,779,1655.63),(2249,'2018-05-01','Buck',0,0,'Spend',1,1002,257.38),(2250,'2018-05-01',': DI',1,0,'Spend',2,487,0.01),(2251,'2018-05-01','WEB ',1,0,'Spend',2,819,0.02),(2252,'2018-05-01','774-',1,1,'Revenue',1,774,3311.26),(2253,'2018-05-01','775-',1,1,'Revenue',1,775,1775.15),(2254,'2018-05-01','770-',1,1,'Revenue',1,770,5298.01),(2255,'2018-05-01','777-',1,1,'Revenue',1,777,3311.26),(2256,'2018-05-01','Mobi',1,0,'Spend',3,773,4786.75),(2257,'2018-05-01','AppN',1,0,'Spend',1,62,1643.76),(2258,'2018-05-01','776-',1,1,'Revenue',1,776,2690.40),(2259,'2018-05-01','750-',1,1,'Revenue',1,750,3518.21),(2260,'2018-05-01','780-',1,1,'Revenue',1,780,860.93),(2261,'2018-05-01','756-',1,1,'Revenue',1,756,3518.21),(2262,'2018-05-01','782-',1,1,'Revenue',1,782,986.50),(2263,'2018-05-01','781-',1,1,'Revenue',1,781,8091.89),(2264,'2018-06-01','Kick',0,0,'Revenue',3,167,20.00),(2265,'2018-06-01','Uber',0,0,'Revenue',3,446,13488.00),(2266,'2018-06-01','Benn',1,0,'Revenue',3,457,10538.08),(2267,'2018-06-01','Medi',1,0,'Revenue',3,460,32286.42),(2268,'2018-06-01','Cycl',1,0,'Revenue',3,461,1575.33),(2269,'2018-06-01','Teli',1,0,'Revenue',3,479,4270.70),(2270,'2018-06-01','OTRE',1,0,'Revenue',3,482,20.70),(2271,'2018-06-01','Smar',1,0,'Revenue',3,483,0.83),(2272,'2018-06-01','SPIR',0,0,'Spend',3,36,111.30),(2273,'2018-06-01','Glob',1,0,'Spend',3,492,5826.70),(2274,'2018-06-01','Mobi',0,0,'Spend',3,773,8468.25),(2275,'2018-06-01','Spyk',0,0,'Spend',3,1005,8142.05),(2276,'2018-06-01','AppT',0,0,'Spend',3,1009,660.80),(2277,'2018-06-01','Adoc',0,0,'Spend',3,1013,2848.30),(2278,'2018-06-01','Glob',0,0,'Spend',3,1014,652.05),(2279,'2018-06-01','GASM',0,0,'Spend',3,1017,0.40),(2280,'2018-06-01','784-',1,1,'Revenue',1,784,3398.83),(2281,'2018-06-01','795-',1,1,'Revenue',1,795,6208.61),(2282,'2018-06-01','797-',1,1,'Revenue',1,797,558.77),(2283,'2018-06-01','798-',1,1,'Revenue',1,798,558.77),(2284,'2018-06-01','783-',1,1,'Revenue',1,783,1655.63),(2285,'2018-06-01','786-',1,1,'Revenue',1,786,6622.52),(2286,'2018-06-01','AirP',1,0,'Spend',1,1,705.45),(2287,'2018-06-01','Face',1,0,'Spend',1,84,600.17),(2288,'2018-06-01','Sona',1,0,'Spend',1,708,10388.21),(2289,'2018-06-01','Buck',1,0,'Spend',1,1002,567.23),(2290,'2018-06-01','2 - ',0,0,'Revenue',2,2,91.10),(2291,'2018-06-01','Las ',0,0,'Spend',2,744,61.25),(2292,'2018-06-01','Rece',0,0,'Spend',2,879,2.53),(2293,'2018-06-01','793-',1,1,'Revenue',1,793,3311.26),(2294,'2018-06-01','789-',1,1,'Revenue',1,789,2726.61),(2295,'2018-06-01','791-',1,1,'Revenue',1,791,3518.21),(2296,'2018-06-01','801-',1,1,'Revenue',1,801,897.14),(2297,'2018-06-01','794-',1,1,'Revenue',1,794,2500.00),(2298,'2018-06-01','796-',1,1,'Revenue',1,796,2500.00),(2299,'2018-06-01','802-',1,1,'Revenue',1,802,1750.00),(2300,'2018-06-01','787-',1,1,'Revenue',1,787,855.18),(2301,'2018-06-01','792-',1,0,'Revenue',1,792,2284.84),(2302,'2018-07-01','Kick',0,0,'Revenue',3,167,60.00),(2303,'2018-07-01','Uber',0,0,'Revenue',3,446,292.00),(2304,'2018-07-01','Benn',1,0,'Revenue',3,457,607.86),(2305,'2018-07-01','PLAY',1,0,'Revenue',3,458,2491.43),(2306,'2018-07-01','Medi',1,0,'Revenue',3,460,35640.71),(2307,'2018-07-01','Cont',0,0,'Revenue',3,465,1.43),(2308,'2018-07-01','Joke',0,0,'Revenue',3,466,0.71),(2309,'2018-07-01','2FUN',0,0,'Revenue',3,471,3.00),(2310,'2018-07-01','OTRE',0,0,'Revenue',3,482,1.43),(2311,'2018-07-01','Smar',0,0,'Revenue',3,483,1.43),(2312,'2018-07-01','Uber',0,0,'Revenue',3,498,2106.48),(2313,'2018-07-01','Ayla',0,0,'Revenue',3,499,26.70),(2314,'2018-07-01','SPIR',0,0,'Spend',3,36,3756.90),(2315,'2018-07-01','Glob',0,0,'Spend',3,492,7418.55),(2316,'2018-07-01','Mobi',0,0,'Spend',3,773,0.70),(2317,'2018-07-01','Spyk',0,0,'Spend',3,1005,948.50),(2318,'2018-07-01','COLL',0,0,'Spend',3,1007,5.35),(2319,'2018-07-01','GASM',0,0,'Spend',3,1017,2826.95),(2320,'2018-07-01','DYNA',0,0,'Spend',3,1018,3.10),(2321,'2018-07-01','Test',0,0,'Spend',3,1020,1.00),(2322,'2018-07-01',' BOO',0,0,'Spend',3,1021,1266.65),(2323,'2018-07-01','809-',1,1,'Revenue',1,809,2321.43),(2324,'2018-07-01','803-',1,1,'Revenue',1,803,750.00),(2325,'2018-07-01','AirP',1,0,'Spend',1,1,130.85),(2326,'2018-07-01','Sona',1,0,'Spend',1,708,4869.29),(2327,'2018-07-01','Buck',1,0,'Spend',1,1002,336.87),(2328,'2018-07-01','pros',0,0,'Spend',1,1019,1041.71),(2329,'2018-07-01','2 - ',0,0,'Revenue',2,2,56.12),(2330,'2018-07-01','9 - ',0,0,'Revenue',2,9,0.00),(2331,'2018-07-01','Las ',0,0,'Spend',2,744,38.04),(2332,'2018-07-01','Rece',0,0,'Spend',2,879,1.33),(2333,'2018-07-01','813-',1,1,'Revenue',1,813,2365.71),(2334,'2018-07-01','817-',1,1,'Revenue',1,817,714.29),(2335,'2018-07-01','814-',1,1,'Revenue',1,814,2285.71),(2336,'2018-07-01','812-',1,1,'Revenue',1,812,2857.14),(2337,'2018-07-01','825-',1,1,'Revenue',1,825,842.26),(2338,'2018-07-01','829-',1,1,'Revenue',1,829,2321.43),(2339,'2018-07-01','815-',1,0,'Revenue',1,815,5306.97),(2340,'2018-07-01','834-',1,1,'Revenue',1,834,1250.00),(2341,'2018-07-01','811-',1,1,'Revenue',1,811,737.90),(2342,'2018-08-01','Kick',0,0,'Revenue',3,167,20.00),(2343,'2018-08-01','Uber',0,0,'Revenue',3,446,32092.50),(2344,'2018-08-01','Uber',0,0,'Revenue',3,498,17853.99),(2345,'2018-08-01','Ayla',0,0,'Revenue',3,499,198.70),(2346,'2018-08-01','GOA ',0,0,'Revenue',3,511,200.00),(2347,'2018-08-01','Mini',0,0,'Revenue',3,513,188.00),(2348,'2018-08-01','ADYK',0,0,'Revenue',3,523,3.50),(2349,'2018-08-01','GOOG',1,0,'Spend',3,4,93.35),(2350,'2018-08-01','Glob',0,0,'Spend',3,492,66.55),(2351,'2018-08-01','Spyk',0,0,'Spend',3,1005,9750.40),(2352,'2018-08-01','COLL',0,0,'Spend',3,1007,0.70),(2353,'2018-08-01','AppT',0,0,'Spend',3,1009,5904.40),(2354,'2018-08-01','GASM',0,0,'Spend',3,1017,58.15),(2355,'2018-08-01','Test',0,0,'Spend',3,1020,0.50),(2356,'2018-08-01','837-',1,1,'Revenue',1,837,691.49),(2357,'2018-08-01','840-',1,0,'Revenue',1,840,3563.94),(2358,'2018-08-01','859-',1,1,'Revenue',1,859,660.64),(2359,'2018-08-01','835-',1,1,'Revenue',1,835,1250.00),(2360,'2018-08-01','848-',1,1,'Revenue',1,848,2500.00),(2361,'2018-08-01','850-',1,1,'Revenue',1,850,2500.00),(2362,'2018-08-01','847-',1,1,'Revenue',1,847,7446.81),(2363,'2018-08-01','AirP',1,0,'Spend',1,1,221.85),(2364,'2018-08-01','GOOG',1,0,'Spend',1,4,123.86),(2365,'2018-08-01','Sona',1,0,'Spend',1,708,37.77),(2366,'2018-08-01','Buck',1,0,'Spend',1,1002,769.99),(2367,'2018-08-01','Cent',1,0,'Spend',1,1019,9919.38),(2368,'2018-08-01','838-',1,1,'Revenue',1,838,691.49),(2369,'2018-08-01','842-',1,1,'Revenue',1,842,691.49),(2370,'2018-08-01','843-',1,1,'Revenue',1,843,691.49),(2371,'2018-08-01','841-',1,1,'Revenue',1,841,1314.00),(2372,'2018-08-01','852-',1,1,'Revenue',1,852,1914.89),(2373,'2018-08-01','818-',1,0,'Revenue',1,818,1000.00),(2374,'2018-08-01','833-',1,0,'Revenue',1,833,5503.14),(2375,'2018-08-01','854-',1,1,'Revenue',1,854,1113.73),(2376,'2018-08-01','855-',1,1,'Revenue',1,855,1113.73),(2377,'2018-08-01','860-',1,1,'Revenue',1,860,1113.73),(2378,'2018-08-01','857-',1,0,'Revenue',1,857,1754.66),(2379,'2018-08-01','Benn',1,0,'Revenue',3,457,256.91),(2380,'2018-08-01','PLAY',1,0,'Revenue',3,458,1505.85),(2381,'2018-08-01','Medi',1,0,'Revenue',3,460,28.72),(2382,'2018-08-01','849-',1,0,'Revenue',1,849,549.50),(2383,'2018-09-01','Uber',0,0,'Revenue',3,446,53625.00),(2384,'2018-09-01','Medi',1,0,'Revenue',3,460,51.61),(2385,'2018-09-01','Cell',0,0,'Revenue',3,467,10.00),(2386,'2018-09-01','Uber',0,0,'Revenue',3,498,334.05),(2387,'2018-09-01','Ayla',0,0,'Revenue',3,499,185.40),(2388,'2018-09-01','Choc',0,0,'Revenue',3,508,13.30),(2389,'2018-09-01','GOA ',0,0,'Revenue',3,511,0.72),(2390,'2018-09-01','Mini',0,0,'Revenue',3,513,604.50),(2391,'2018-09-01','Smas',0,0,'Revenue',3,519,16.00),(2392,'2018-09-01','ADYK',0,0,'Revenue',3,523,3.50),(2393,'2018-09-01','GOOG',0,0,'Spend',3,4,2.09),(2394,'2018-09-01','SPIR',0,0,'Spend',3,36,1.65),(2395,'2018-09-01','Glob',0,0,'Spend',3,492,1.80),(2396,'2018-09-01','Mobi',0,0,'Spend',3,773,0.60),(2397,'2018-09-01','Spyk',0,0,'Spend',3,1005,3014.55),(2398,'2018-09-01','COLL',0,0,'Spend',3,1007,5.70),(2399,'2018-09-01','AppT',0,0,'Spend',3,1009,1865.25),(2400,'2018-09-01','Glob',0,0,'Spend',3,1014,11912.65),(2401,'2018-09-01','GASM',0,0,'Spend',3,1017,119.90),(2402,'2018-09-01','Tapp',0,0,'Spend',3,1024,6.00),(2403,'2018-09-01','Spyk',0,0,'Spend',3,1026,12128.10),(2404,'2018-09-01','863-',1,1,'Revenue',1,863,81.73),(2405,'2018-09-01','871-',1,1,'Revenue',1,871,5955.33),(2406,'2018-09-01','861-',1,1,'Revenue',1,861,1111.98),(2407,'2018-09-01','Cent',0,1,'Spend',1,1019,3343.15),(2408,'2018-09-01','PLAY',1,0,'Revenue',3,458,400.00),(2409,'2018-09-01','Joke',1,0,'Revenue',3,466,54.59),(2410,'2018-09-01','Tota',1,0,'Revenue',3,468,191.56),(2411,'2018-09-01','858-',1,1,'Revenue',1,858,1751.91),(2412,'2018-09-01','869-',1,1,'Revenue',1,869,1588.09),(2413,'2018-09-01','856-',1,1,'Revenue',1,856,512.68),(2414,'2018-09-01','870-',1,1,'Revenue',1,870,992.56),(2415,'2018-10-01','Uber',0,0,'Revenue',3,446,63019.00),(2416,'2018-10-01','Medi',0,0,'Revenue',3,460,0.55),(2417,'2018-10-01','Joke',0,0,'Revenue',3,466,4.37),(2418,'2018-10-01','Ayla',0,0,'Revenue',3,499,19.80),(2419,'2018-10-01','Corp',0,0,'Revenue',3,502,2.00),(2420,'2018-10-01','Choc',0,0,'Revenue',3,508,87.50),(2421,'2018-10-01','Dige',0,0,'Revenue',3,524,345.10),(2422,'2018-10-01','Itba',0,0,'Revenue',3,529,1.53),(2423,'2018-10-01','Torn',0,0,'Revenue',3,537,145.20),(2424,'2018-10-01','SPIR',1,0,'Spend',3,36,1.10),(2425,'2018-10-01','Mobi',0,0,'Spend',3,773,69.00),(2426,'2018-10-01','Spyk',0,0,'Spend',3,1005,14484.75),(2427,'2018-10-01','AppT',0,0,'Spend',3,1009,342.30),(2428,'2018-10-01','Glob',0,0,'Spend',3,1014,332.35),(2429,'2018-10-01','GASM',0,0,'Spend',3,1017,12.40),(2430,'2018-10-01',' BOO',1,0,'Spend',3,1021,224.45),(2431,'2018-10-01','Tapp',0,0,'Spend',3,1024,1.00),(2432,'2018-10-01','Spyk',0,0,'Spend',3,1026,20238.00),(2433,'2018-10-01','PLUC',0,0,'Spend',3,1027,0.01),(2434,'2018-10-01','Boot',0,0,'Spend',3,1028,0.02),(2435,'2018-10-01','872-',1,1,'Revenue',1,872,1161.20),(2436,'2018-10-01','873-',1,1,'Revenue',1,873,1161.20),(2437,'2018-10-01','874-',1,1,'Revenue',1,874,393.44),(2438,'2018-10-01','875-',1,1,'Revenue',1,875,9562.84),(2439,'2018-10-01','Buck',1,0,'Spend',1,1002,141.00),(2440,'2018-10-01','Cent',0,0,'Spend',1,1019,8327.63),(2441,'2018-10-01','877-',1,1,'Revenue',1,877,1748.63),(2442,'2018-10-01','868-',1,1,'Revenue',1,868,564.51),(2443,'2018-10-01','878-',1,1,'Revenue',1,878,6994.54),(2444,'2018-10-01','876-',1,1,'Revenue',1,876,1161.20),(2445,'2018-11-01','Uber',0,0,'Revenue',3,446,91205.00),(2446,'2018-11-01','Ayla',0,0,'Revenue',3,499,9.95),(2447,'2018-11-01','Choc',0,0,'Revenue',3,508,187.50),(2448,'2018-11-01','Dige',0,0,'Revenue',3,524,3.50),(2449,'2018-11-01','Mobi',0,0,'Spend',3,773,147.60),(2450,'2018-11-01','Spyk',0,0,'Spend',3,1005,16391.90),(2451,'2018-11-01','COLL',0,0,'Spend',3,1007,0.60),(2452,'2018-11-01','AppT',0,0,'Spend',3,1009,102.70),(2453,'2018-11-01','GASM',0,0,'Spend',3,1017,7.30),(2454,'2018-11-01','Tapp',0,0,'Spend',3,1024,0.50),(2455,'2018-11-01','Spyk',0,0,'Spend',3,1026,29254.10),(2456,'2018-11-01','Boot',0,0,'Spend',3,1028,2.00),(2457,'2018-11-01','Tab ',0,0,'Spend',3,1029,54.50),(2458,'2018-11-01','903-',1,1,'Revenue',1,903,1295.34),(2459,'2018-11-01','904-',1,1,'Revenue',1,904,647.67),(2460,'2018-11-01','893-',1,0,'Revenue',1,893,3430.53),(2461,'2018-11-01','879-',1,0,'Revenue',1,879,1658.03),(2462,'2018-11-01','AirP',0,0,'Spend',1,1,1944.91),(2463,'2018-11-01','Cent',0,0,'Spend',1,1019,1739.62),(2464,'2018-11-01','902-',1,1,'Revenue',1,902,1658.03),(2465,'2018-11-01','880-',1,1,'Revenue',1,880,535.26),(2466,'2018-11-01','886-',1,1,'Revenue',1,886,1101.04),(2467,'2018-11-01','891-',1,1,'Revenue',1,891,1295.34),(2468,'2018-11-01','892-',1,1,'Revenue',1,892,1250.00),(2469,'2018-11-01','905-',1,1,'Revenue',1,905,250.00),(2470,'2018-11-01','Benn',1,0,'Revenue',3,457,1746.11),(2471,'2018-12-01','Uber',0,0,'Revenue',3,446,138219.50),(2472,'2018-12-01','Ayla',0,0,'Revenue',3,499,16.20),(2473,'2018-12-01','Choc',0,0,'Revenue',3,508,326.50),(2474,'2018-12-01','Appn',0,0,'Spend',3,86,5.00),(2475,'2018-12-01','Mobi',0,0,'Spend',3,773,261.20),(2476,'2018-12-01','Spyk',0,0,'Spend',3,1005,31332.50),(2477,'2018-12-01','AppT',0,0,'Spend',3,1009,411.70),(2478,'2018-12-01','GASM',0,0,'Spend',3,1017,9.90),(2479,'2018-12-01','Tapp',0,0,'Spend',3,1024,0.25),(2480,'2018-12-01','Spyk',0,0,'Spend',3,1026,25079.01),(2481,'2018-12-01','Tab ',0,0,'Spend',3,1029,67.50),(2482,'2018-12-01','912-',1,0,'Revenue',1,912,1450.78),(2483,'2018-12-01','908-',1,1,'Revenue',1,908,518.13),(2484,'2018-12-01','909-',1,1,'Revenue',1,909,1036.27),(2485,'2018-12-01','910-',1,0,'Revenue',1,910,518.13),(2486,'2018-12-01','911-',1,0,'Revenue',1,911,647.67),(2487,'2018-12-01','906-',1,1,'Revenue',1,906,1750.00),(2488,'2018-12-01','AirP',0,0,'Spend',1,1,79.08),(2489,'2018-12-01','Buck',0,0,'Spend',1,1002,52.99),(2490,'2018-12-01','Cent',0,0,'Spend',1,1019,1968.13),(2491,'2019-01-01','Uber',1,0,'Revenue',3,446,26160.00),(2492,'2019-01-01','Choc',1,0,'Revenue',3,508,483.50),(2493,'2019-01-01','MR J',0,0,'Revenue',3,550,75.00),(2494,'2019-01-01','GOOG',0,0,'Spend',3,4,293.15),(2495,'2019-01-01','Mobi',0,1,'Spend',3,773,381.50),(2496,'2019-01-01','Buck',1,1,'Spend',3,1002,54.78),(2497,'2019-01-01','Spyk',0,0,'Spend',3,1005,12455.50),(2498,'2019-01-01','AppT',0,0,'Spend',3,1009,28.00),(2499,'2019-01-01','Spyk',0,0,'Spend',3,1026,2619.01),(2500,'2019-01-01','Tab ',0,0,'Spend',3,1029,243.00),(2501,'2019-01-01','Buck',1,1,'Spend',1,1002,742.66),(2502,'2019-01-01','Cent',0,1,'Spend',1,1019,305.31),(2503,'2019-01-01','917-',1,1,'Revenue',1,917,1148.65),(2504,'2019-01-01','916-',1,1,'Revenue',1,916,1286.49),(2505,'2019-01-01','918-',1,1,'Revenue',1,918,2320.27),(2506,'2019-01-01','Benn',1,0,'Revenue',3,457,9656.35),(2507,'2019-01-01','GOOG',0,0,'Spend',3,1011,6198.81),(2508,'2019-01-01','Groo',0,0,'Spend',3,1032,1838.74),(2509,'2019-01-01','Pers',0,0,'Spend',3,1033,1158.71),(2510,'2019-01-01','Book',1,0,'Revenue',3,546,20.89),(2511,'2019-02-01','Uber',0,0,'Revenue',3,446,46672.00),(2512,'2019-02-01','Choc',0,0,'Revenue',3,508,129.00),(2513,'2019-02-01','GOA ',0,0,'Revenue',3,511,0.54),(2514,'2019-02-01','Book',0,0,'Revenue',3,546,452.56),(2515,'2019-02-01','MR J',0,0,'Revenue',3,550,30.00),(2516,'2019-02-01','GOOG',1,0,'Spend',3,4,65.74),(2517,'2019-02-01','Mobi',0,0,'Spend',3,773,119.60),(2518,'2019-02-01','Buck',1,0,'Spend',3,1002,30.47),(2519,'2019-02-01','Spyk',0,0,'Spend',3,1005,11110.01),(2520,'2019-02-01','Spyk',0,0,'Spend',3,1026,173.00),(2521,'2019-02-01','Tab ',0,0,'Spend',3,1029,82.50),(2522,'2019-02-01','AirP',1,0,'Spend',1,1,298.90),(2523,'2019-02-01','Buck',1,0,'Spend',1,1002,631.75),(2524,'2019-02-01','Cent',1,0,'Spend',1,1019,1113.02),(2525,'2019-02-01','930-',1,1,'Revenue',1,930,2663.19),(2526,'2019-02-01','924-',1,1,'Revenue',1,924,1109.66),(2527,'2019-02-01','926-',1,0,'Revenue',1,926,2202.30),(2528,'2019-02-01','925-',1,1,'Revenue',1,925,1930.81),(2529,'2019-02-01','927-',1,1,'Revenue',1,927,1044.39),(2530,'2019-02-01','EDEN',0,0,'Revenue',3,542,310.60),(2531,'2019-02-01','ExoC',1,0,'Spend',3,15,135.67),(2532,'2019-02-01','Benn',1,0,'Revenue',3,457,5845.69),(2533,'2019-02-01','GOOG',1,0,'Spend',3,1011,0.00),(2534,'2019-02-01','Groo',1,0,'Spend',3,1032,1067.73),(2535,'2019-02-01','Pers',1,0,'Spend',3,1033,701.48),(2536,'2019-03-01','Uber',0,0,'Revenue',3,446,72399.00),(2537,'2019-03-01','Choc',0,0,'Revenue',3,508,1.50),(2538,'2019-03-01','EDEN',0,0,'Revenue',3,542,5750.91),(2539,'2019-03-01','Book',0,0,'Revenue',3,546,2782.94),(2540,'2019-03-01','NARD',0,0,'Revenue',3,555,3718.91),(2541,'2019-03-01','NEUR',0,0,'Revenue',3,556,21.00),(2542,'2019-03-01','AirP',1,0,'Spend',3,1,157.19),(2543,'2019-03-01','ExoC',1,0,'Spend',3,15,34.00),(2544,'2019-03-01','Appn',0,0,'Spend',3,86,12.60),(2545,'2019-03-01','Glob',0,0,'Spend',3,492,2664.00),(2546,'2019-03-01','Mobi',0,0,'Spend',3,773,0.40),(2547,'2019-03-01','Spyk',0,0,'Spend',3,1005,59013.00),(2548,'2019-03-01','Cent',1,0,'Spend',3,1019,15.55),(2549,'2019-03-01','Tab ',0,0,'Spend',3,1029,1704.00),(2550,'2019-03-01','Inst',0,0,'Spend',3,1036,4.00),(2551,'2019-03-01','933-',1,1,'Revenue',1,933,1063.83),(2552,'2019-03-01','936-',1,1,'Revenue',1,936,827.42),(2553,'2019-03-01','935-',1,1,'Revenue',1,935,217.07),(2554,'2019-03-01','928-',1,1,'Revenue',1,928,472.81),(2555,'2019-03-01','939-',1,1,'Revenue',1,939,1134.75),(2556,'2019-03-01','AirP',1,0,'Spend',1,1,206.82),(2557,'2019-03-01','Buck',1,0,'Spend',1,1002,688.78),(2558,'2019-03-01','Cent',1,0,'Spend',1,1019,1267.72),(2559,'2019-03-01','934-',1,1,'Revenue',1,934,904.26),(2560,'2019-03-01','949-',1,1,'Revenue',1,949,165.48),(2561,'2019-03-01','938-',1,1,'Revenue',1,938,591.02),(2562,'2019-03-01','952-',1,1,'Revenue',1,952,128.61),(2563,'2019-03-01','954-',1,1,'Revenue',1,954,128.61),(2564,'2019-03-01','Benn',1,0,'Revenue',3,457,2036.88),(2565,'2019-03-01','GOOG',0,0,'Spend',3,1011,0.00),(2566,'2019-03-01','937-',1,1,'Revenue',1,937,2351.06),(2567,'2019-04-01','Uber',0,0,'Revenue',3,446,42851.00),(2568,'2019-04-01','Choc',0,0,'Revenue',3,508,0.50),(2569,'2019-04-01','EDEN',0,0,'Revenue',3,542,227.54),(2570,'2019-04-01','Book',0,0,'Revenue',3,546,1686.39),(2571,'2019-04-01','NARD',0,0,'Revenue',3,555,0.46),(2572,'2019-04-01','AirP',1,0,'Spend',3,1,0.02),(2573,'2019-04-01','Glob',0,0,'Spend',3,492,104.00),(2574,'2019-04-01','Spyk',0,0,'Spend',3,1005,20402.50),(2575,'2019-04-01','Tab ',0,0,'Spend',3,1029,199.50),(2576,'2019-04-01','Groo',1,0,'Spend',3,1032,12.73),(2577,'2019-04-01','Pers',1,0,'Spend',3,1033,12.15),(2578,'2019-04-01','956-',1,1,'Revenue',1,956,694.44),(2579,'2019-04-01','965-',1,1,'Revenue',1,965,347.22),(2580,'2019-04-01','940-',1,1,'Revenue',1,940,578.70),(2581,'2019-04-01','950-',1,1,'Revenue',1,950,6544.02),(2582,'2019-04-01','951-',1,1,'Revenue',1,951,6544.02),(2583,'2019-04-01','953-',1,1,'Revenue',1,953,2117.13),(2584,'2019-04-01','955-',1,1,'Revenue',1,955,3100.93),(2585,'2019-04-01','963-',1,1,'Revenue',1,963,503.70),(2586,'2019-04-01','Buck',1,0,'Spend',1,1002,2372.00),(2587,'2019-04-01','Cent',1,0,'Spend',1,1019,5049.81),(2588,'2019-04-01','957-',1,1,'Revenue',1,957,2951.39),(2589,'2019-04-01','962-',1,1,'Revenue',1,962,2518.52),(2590,'2019-04-01','Benn',1,0,'Revenue',3,457,101.39),(2591,'2019-04-01','961-',1,1,'Revenue',1,961,2203.70),(2592,'2019-05-01','Uber',0,0,'Revenue',3,446,67650.00),(2593,'2019-05-01','Book',0,0,'Revenue',3,546,1529.66),(2594,'2019-05-01','WEAC',0,0,'Revenue',3,565,912.53),(2595,'2019-05-01','GOOG',1,0,'Spend',3,4,75.99),(2596,'2019-05-01','Spyk',0,0,'Spend',3,1005,18527.00),(2597,'2019-05-01','Test',0,0,'Spend',3,1020,100.00),(2598,'2019-05-01','Tab ',0,0,'Spend',3,1029,27.00),(2599,'2019-05-01','968-',1,1,'Revenue',1,968,684.93),(2600,'2019-05-01','AirP',1,0,'Spend',1,1,132.81),(2601,'2019-05-01','Cent',1,0,'Spend',1,1019,410.54),(2602,'2019-05-01','970-',1,1,'Revenue',1,970,1141.55),(2603,'2019-05-01','966-',1,0,'Revenue',1,966,1571.50),(2604,'2019-06-01','Uber',0,0,'Revenue',3,446,66555.00),(2605,'2019-06-01','Book',0,0,'Revenue',3,546,1297.46),(2606,'2019-06-01','WEAC',1,1,'Revenue',3,565,633.75),(2607,'2019-06-01','Clic',0,0,'Revenue',3,566,1101.00),(2608,'2019-06-01','Spyk',0,0,'Spend',3,1005,12919.50),(2609,'2019-06-01','Tab ',0,0,'Spend',3,1029,1.50),(2610,'2019-06-01','Seah',0,0,'Spend',3,1046,486.00),(2611,'2019-06-01','975-',1,1,'Revenue',1,975,0.00),(2612,'2019-06-01','972-',1,1,'Revenue',1,972,2457.83),(2613,'2019-06-01','967-',1,1,'Revenue',1,967,784.44),(2614,'2019-06-01','AirP',0,0,'Spend',1,1,57.87),(2615,'2019-06-01','Cent',0,0,'Spend',1,1019,1075.76),(2616,'2019-06-01','MACA',1,0,'Revenue',3,562,884.31),(2617,'2019-06-01','976-',1,1,'Revenue',1,976,670.60),(2618,'2019-06-01','978-',1,1,'Revenue',1,978,963.86),(2619,'2019-07-01','Uber',0,0,'Revenue',3,446,80170.00),(2620,'2019-07-01','Book',0,0,'Revenue',3,546,1201.51),(2621,'2019-07-01','WEAC',1,0,'Revenue',3,565,174.25),(2622,'2019-07-01','Spyk',0,0,'Spend',3,1005,23467.50),(2623,'2019-07-01','Tab ',0,0,'Spend',3,1029,70.00),(2624,'2019-07-01','982-',1,1,'Revenue',1,982,2904.33),(2625,'2019-07-01','984-',1,1,'Revenue',1,984,6684.77),(2626,'2019-07-01','AirP',1,0,'Spend',1,1,0.08),(2627,'2019-07-01','GOOG',0,0,'Spend',1,4,1391.72),(2628,'2019-07-01','Cent',1,0,'Spend',1,1019,3081.46),(2629,'2019-07-01','Rece',0,0,'Revenue',3,567,1111.00),(2630,'2019-07-01','983-',1,1,'Revenue',1,983,633.94),(2631,'2019-07-01','986-',1,0,'Revenue',1,986,3416.86),(2632,'2019-07-01','980-',1,1,'Revenue',1,980,2733.49),(2633,'2019-07-01','Face',1,0,'Spend',1,84,572.41),(2634,'2019-07-01','GOOG',0,0,'Spend',1,508,271.82),(2635,'2019-07-01','994-',1,1,'Revenue',1,994,1182.23),(2636,'2019-07-01','987-',1,0,'Revenue',1,987,6378.13),(2637,'2019-07-01','989-',1,0,'Revenue',1,989,4100.23),(2638,'2019-07-01','996-',1,0,'Revenue',1,996,196.76),(2639,'2019-08-01','Uber',0,0,'Revenue',3,446,132614.00),(2640,'2019-08-01','Book',0,0,'Revenue',3,546,886.63),(2641,'2019-08-01','Rece',0,0,'Revenue',3,567,1194.00),(2642,'2019-08-01','Uber',0,0,'Revenue',3,568,5.00),(2643,'2019-08-01','1005',1,1,'Revenue',1,1005,1500.00),(2644,'2019-08-01','MobU',0,0,'Spend',3,1051,21.00),(2645,'2019-08-01','1006',1,1,'Revenue',1,1006,1393.44),(2646,'2019-08-01','995-',1,1,'Revenue',1,995,624.59),(2647,'2019-08-01','987-',1,1,'Revenue',1,987,9180.33),(2648,'2019-08-01','989-',1,1,'Revenue',1,989,5901.64),(2649,'2019-08-01','996-',1,1,'Revenue',1,996,590.05),(2650,'2019-08-01','AirP',1,1,'Spend',1,1,950.25),(2651,'2019-08-01','GOOG',1,1,'Spend',1,4,10944.10),(2652,'2019-08-01','Face',1,0,'Spend',1,84,846.59),(2653,'2019-08-01','GOOG',1,0,'Spend',1,508,0.00),(2654,'2019-08-01','Cent',1,0,'Spend',1,1019,3792.17),(2655,'2019-08-01','1007',1,1,'Revenue',1,1007,456.23),(2656,'2019-08-01','998-',1,0,'Revenue',1,998,4959.02),(2657,'2019-08-01','1001',1,1,'Revenue',1,1001,655.74),(2658,'2019-08-01','981-',1,1,'Revenue',1,981,1311.48),(2659,'2019-08-01','999-',1,1,'Revenue',1,999,1500.00),(2660,'2019-08-01','Spyk',0,0,'Spend',3,1005,31912.50),(2661,'2019-09-01','Uber',1,0,'Revenue',3,446,33300.00),(2662,'2019-09-01','Book',0,0,'Revenue',3,546,771.94),(2663,'2019-09-01','Clic',1,0,'Revenue',3,566,476.00),(2664,'2019-09-01','Rece',0,0,'Revenue',3,567,1716.00),(2665,'2019-09-01','Perf',1,0,'Revenue',3,572,40.00),(2666,'2019-09-01','TELE',1,0,'Revenue',3,576,7368.42),(2667,'2019-09-01','Spyk',1,0,'Spend',3,1005,5966.00),(2668,'2019-09-01','Seah',1,0,'Spend',3,1046,377.00),(2669,'2019-09-01','MobU',1,0,'Spend',3,1051,5483.00),(2670,'2019-09-01','Clic',0,0,'Spend',3,1055,10.00),(2671,'2019-09-01','ONFI',0,0,'Spend',3,1057,3626.00),(2672,'2019-09-01','AppL',1,0,'Spend',3,1062,0.00),(2673,'2019-09-01','Buy ',1,0,'Spend',3,1063,2.00),(2674,'2019-09-01','1012',1,1,'Revenue',1,1012,2631.58),(2675,'2019-09-01','1008',1,1,'Revenue',1,1008,596.49),(2676,'2019-09-01','1013',1,1,'Revenue',1,1013,2500.00),(2677,'2019-09-01','AirP',1,0,'Spend',1,1,176.84),(2678,'2019-09-01','GOOG',1,0,'Spend',1,4,10768.16),(2679,'2019-09-01','Cent',1,0,'Spend',1,1019,1013.68),(2680,'2019-09-01','1016',1,1,'Revenue',1,1016,488.25),(2681,'2019-09-01','Adca',1,0,'Spend',3,1041,500.00),(2682,'2019-10-01','Uber',0,0,'Revenue',3,446,93727.00),(2683,'2019-10-01','GOA ',0,0,'Revenue',3,511,7.37),(2684,'2019-10-01','EDEN',0,0,'Revenue',3,542,1786.41),(2685,'2019-10-01','Book',0,0,'Revenue',3,546,15.94),(2686,'2019-10-01','Clic',0,0,'Revenue',3,566,612.50),(2687,'2019-10-01','Rece',0,0,'Revenue',3,567,1750.00),(2688,'2019-10-01','TELE',1,0,'Revenue',3,576,6816.39),(2689,'2019-10-01','Glob',1,0,'Spend',3,492,32.00),(2690,'2019-10-01','Spyk',0,0,'Spend',3,1005,4639.30),(2691,'2019-10-01','Test',1,0,'Spend',3,1020,1.00),(2692,'2019-10-01','Alun',0,0,'Spend',3,1034,2.00),(2693,'2019-10-01','Admo',0,0,'Spend',3,1035,270.00),(2694,'2019-10-01','Adca',0,0,'Spend',3,1041,857.00),(2695,'2019-10-01','Seah',0,0,'Spend',3,1046,159.00),(2696,'2019-10-01','MobU',0,0,'Spend',3,1051,29049.00),(2697,'2019-10-01','ONFI',0,0,'Spend',3,1057,586.50),(2698,'2019-10-01','AppL',0,0,'Spend',3,1062,2754.50),(2699,'2019-10-01','Buy ',0,0,'Spend',3,1063,80.00),(2700,'2019-10-01','Acro',0,0,'Spend',3,1066,9.00),(2701,'2019-10-01','1018',1,1,'Revenue',1,1018,1393.44),(2702,'2019-10-01','1014',1,1,'Revenue',1,1014,918.03),(2703,'2019-10-01','AirP',0,1,'Spend',1,1,323.24),(2704,'2019-10-01','Cent',1,1,'Spend',1,1019,828.91),(2705,'2019-10-01','1022',1,1,'Revenue',1,1022,1393.44),(2706,'2019-10-01','1027',1,1,'Revenue',1,1027,456.23),(2707,'2019-10-01','1030',1,1,'Revenue',1,1030,10927.69),(2708,'2019-10-01','GOOG',1,1,'Spend',1,4,9331.92),(2709,'2019-10-01','OCTO',1,1,'Spend',1,1070,61.36),(2710,'2019-10-01','Octo',1,0,'Spend',1,1071,0.00),(2711,'2019-10-01','OCTO',1,1,'Spend',3,1070,0.01),(2712,'2019-11-01','Uber',1,0,'Revenue',3,446,14984.00),(2713,'2019-11-01','GOA ',1,0,'Revenue',3,511,4.69),(2714,'2019-11-01','EDEN',0,0,'Revenue',3,542,68.16),(2715,'2019-11-01','Clic',0,0,'Revenue',3,566,84.00),(2716,'2019-11-01','Rece',0,0,'Revenue',3,567,1360.00),(2717,'2019-11-01','TELE',1,0,'Revenue',3,576,5579.66),(2718,'2019-11-01','BCNM',1,0,'Revenue',3,579,4.50),(2719,'2019-11-01','Pica',1,0,'Revenue',3,582,8166.40),(2720,'2019-11-01','GOOG',0,0,'Spend',3,4,63.02),(2721,'2019-11-01','Spyk',0,0,'Spend',3,1005,392.80),(2722,'2019-11-01','Alun',1,0,'Spend',3,1034,0.00),(2723,'2019-11-01','Admo',1,0,'Spend',3,1035,0.00),(2724,'2019-11-01','Adca',1,1,'Spend',3,1041,376.50),(2725,'2019-11-01','MobU',1,0,'Spend',3,1051,5818.00),(2726,'2019-11-01','AppL',1,0,'Spend',3,1062,511.50),(2727,'2019-11-01','Buy ',1,0,'Spend',3,1063,306.00),(2728,'2019-11-01','Acro',1,0,'Spend',3,1066,0.00),(2729,'2019-11-01','Mari',1,0,'Spend',3,1067,1338.00),(2730,'2019-11-01','Jetz',0,0,'Spend',3,1069,816.00),(2731,'2019-11-01','OCTO',1,1,'Spend',3,1070,271.81),(2732,'2019-11-01','1025',1,1,'Revenue',1,1025,2558.72),(2733,'2019-11-01','AirP',1,0,'Spend',1,1,242.22),(2734,'2019-11-01','GOOG',0,0,'Spend',1,4,1009.24),(2735,'2019-11-01','OCTO',1,1,'Spend',1,1070,1233.19),(2736,'2019-11-01','Octo',1,1,'Spend',1,1071,12.78),(2737,'2019-11-01','1031',1,1,'Revenue',1,1031,12324.75),(2738,'2019-11-01','1019',1,1,'Revenue',1,1019,2558.72),(2739,'2019-11-01','1020',1,1,'Revenue',1,1020,2558.72),(2740,'2019-11-01','1032',1,1,'Revenue',1,1032,3360.00),(2741,'2019-12-01','Uber',0,0,'Revenue',3,446,29295.00),(2742,'2019-12-01','GOA ',0,0,'Revenue',3,511,0.67),(2743,'2019-12-01','EDEN',0,0,'Revenue',3,542,85.21),(2744,'2019-12-01','Clic',0,0,'Revenue',3,566,10.50),(2745,'2019-12-01','Rece',0,0,'Revenue',3,567,956.00),(2746,'2019-12-01','TELE',0,0,'Revenue',3,576,8823.65),(2747,'2019-12-01','Pica',0,0,'Revenue',3,582,21039.60),(2748,'2019-12-01','Buck',0,0,'Spend',3,1002,99.06),(2749,'2019-12-01','Spyk',0,0,'Spend',3,1005,325.35),(2750,'2019-12-01','Admo',0,0,'Spend',3,1035,24.00),(2751,'2019-12-01','MobU',0,0,'Spend',3,1051,9020.00),(2752,'2019-12-01','AppL',0,0,'Spend',3,1062,2863.00),(2753,'2019-12-01','Mari',0,0,'Spend',3,1067,2210.00),(2754,'2019-12-01','AirP',0,0,'Spend',1,1,630.17),(2755,'2019-12-01','OCTO',0,0,'Spend',1,1070,1425.59),(2756,'2020-01-01','Uber',0,0,'Revenue',3,446,17517.00),(2757,'2020-01-01','EDEN',1,0,'Revenue',3,542,0.00),(2758,'2020-01-01','Rece',0,0,'Revenue',3,567,2378.00),(2759,'2020-01-01','TELE',1,1,'Revenue',3,576,6518.68),(2760,'2020-01-01','Pica',1,0,'Revenue',3,582,22084.20),(2761,'2020-01-01','Spyk',0,0,'Spend',3,1005,1224.80),(2762,'2020-01-01','Alun',1,0,'Spend',3,1034,0.00),(2763,'2020-01-01','MobU',1,0,'Spend',3,1051,3886.50),(2764,'2020-01-01','GET ',1,0,'Spend',3,1054,0.60),(2765,'2020-01-01','ONFI',1,0,'Spend',3,1057,0.80),(2766,'2020-01-01','AppL',1,0,'Spend',3,1062,2807.00),(2767,'2020-01-01','Mari',1,0,'Spend',3,1067,2278.00),(2768,'2020-01-01','Weeg',1,0,'Spend',3,1074,282.00),(2769,'2020-01-01','ADM_',0,0,'Spend',3,1081,9.00),(2770,'2020-01-01','ADM_',0,0,'Spend',3,1091,1.00),(2771,'2020-01-01','AdOl',1,0,'Spend',3,1092,0.00),(2772,'2020-01-01','1045',1,1,'Revenue',1,1045,2809.92),(2773,'2020-01-01','AirP',1,0,'Spend',1,1,0.07),(2774,'2020-01-01','Cent',1,0,'Spend',1,1019,1457.95),(2775,'2020-01-01','Cent',1,0,'Spend',1,1070,2248.71),(2776,'2020-01-01','1046',1,1,'Revenue',1,1046,3966.94),(2777,'2020-01-01','1052',1,1,'Revenue',1,1052,6047.81),(2778,'2020-01-01','1055',1,1,'Revenue',1,1055,117.08),(2779,'2020-02-01','Uber',0,0,'Revenue',3,446,74811.00),(2780,'2020-02-01','Rece',0,0,'Revenue',3,567,1224.00),(2781,'2020-02-01','TELE',1,0,'Revenue',3,576,8598.98),(2782,'2020-02-01','Pica',1,0,'Revenue',3,582,1280.90),(2783,'2020-02-01','Rapp',1,0,'Revenue',3,589,189.00),(2784,'2020-02-01','Spyk',0,0,'Spend',3,1005,367.90),(2785,'2020-02-01','MobU',0,0,'Spend',3,1051,14144.65),(2786,'2020-02-01','1057',1,1,'Revenue',1,1057,1322.31),(2787,'2020-02-01','AppL',1,0,'Spend',3,1062,14736.50),(2788,'2020-02-01','Mari',1,0,'Spend',3,1067,3130.00),(2789,'2020-02-01','AdOl',0,0,'Spend',3,1092,0.00),(2790,'2020-02-01','1047',1,1,'Revenue',1,1047,2037.19),(2791,'2020-02-01','1056',1,1,'Revenue',1,1056,585.40),(2792,'2020-02-01','1053',1,1,'Revenue',1,1053,2314.05),(2793,'2020-02-01','Cent',1,0,'Spend',1,1019,51.97),(2794,'2020-02-01','Cent',1,0,'Spend',1,1070,1255.23),(2795,'2020-02-01','Cace',0,0,'Spend',1,1082,82.64),(2796,'2020-02-01','Virg',1,0,'Revenue',3,585,0.00),(2797,'2020-02-01','1059',1,1,'Revenue',1,1059,2809.92),(2798,'2020-02-01','ONFI',0,0,'Spend',3,1057,90.40),(2799,'2020-02-01','GOOG',1,0,'Spend',1,4,16335.74),(2800,'2020-03-01','Uber',1,0,'Revenue',3,446,148860.00),(2801,'2020-03-01','Rece',0,0,'Revenue',3,567,390.00),(2802,'2020-03-01','TELE',1,1,'Revenue',3,576,10138.05),(2803,'2020-03-01','Pica',1,0,'Revenue',3,582,0.00),(2804,'2020-03-01','Rapp',1,0,'Revenue',3,589,0.00),(2805,'2020-03-01','Spyk',1,0,'Spend',3,1005,0.00),(2806,'2020-03-01','MobU',1,0,'Spend',3,1051,20194.50),(2807,'2020-03-01','ONFI',1,0,'Spend',3,1057,0.00),(2808,'2020-03-01','1062',1,1,'Revenue',1,1062,24527.58),(2809,'2020-03-01','Mari',1,0,'Spend',3,1067,3714.56),(2810,'2020-03-01','Kali',1,0,'Spend',3,1095,0.00),(2811,'2020-03-01','GOOG',1,0,'Spend',1,4,20963.74),(2812,'2020-03-01','AppL',0,0,'Spend',3,1062,31031.50),(2813,'2020-04-01','Uber',1,0,'Revenue',3,446,90119.00),(2814,'2020-04-01','TELE',1,0,'Revenue',3,576,0.00),(2815,'2020-04-01','Pica',1,0,'Revenue',3,582,0.00),(2816,'2020-04-01','Alun',1,0,'Spend',3,1034,0.00),(2817,'2020-04-01','MobU',1,0,'Spend',3,1051,9488.50),(2818,'2020-04-01','AppL',1,0,'Spend',3,1062,18416.00),(2819,'2020-04-01','Mari',1,0,'Spend',3,1067,0.00),(2820,'2020-04-01','Dyna',1,0,'Spend',3,1102,0.00),(2821,'2020-04-01','Glob',1,0,'Spend',3,1103,7380.50),(2822,'2020-04-01','GOOG',0,0,'Spend',1,4,21618.41),(2823,'2020-04-01','1063',1,1,'Revenue',1,1063,25293.94),(2824,'2020-04-01','GOOG',0,0,'Spend',3,4,2.21),(2825,'2020-05-01','Uber',0,0,'Revenue',3,446,59624.00),(2826,'2020-05-01','TELE',1,0,'Revenue',3,576,0.00),(2827,'2020-05-01','Pica',0,0,'Revenue',3,582,71.00),(2828,'2020-05-01','GOOG',1,0,'Spend',3,4,574.52),(2829,'2020-05-01','MobU',0,0,'Spend',3,1051,9410.50),(2830,'2020-05-01','AppL',0,0,'Spend',3,1062,4572.50),(2831,'2020-05-01','Glob',0,0,'Spend',3,1103,5582.50),(2832,'2020-05-01','Mobm',1,0,'Spend',3,1105,0.00),(2833,'2020-05-01','Auct',0,0,'Spend',3,1106,2527.50),(2834,'2020-05-01','1069',1,1,'Revenue',1,1069,882.35),(2835,'2020-05-01','1068',1,1,'Revenue',1,1068,1689.01),(2836,'2020-05-01','GOOG',1,0,'Spend',1,4,22120.38),(2837,'2020-05-01','Cent',1,1,'Spend',1,1070,595.37),(2838,'2020-05-01','GNM ',0,0,'Revenue',3,599,0.97),(2839,'2020-05-01','1067',1,1,'Revenue',1,1067,25872.72),(2840,'2020-05-01','1072',1,1,'Revenue',1,1072,850.13),(2841,'2020-06-01','Pica',1,0,'Revenue',3,582,0.00),(2842,'2020-06-01','GNM ',1,0,'Revenue',3,599,0.00),(2843,'2020-06-01','EA -',1,0,'Revenue',3,601,0.00),(2844,'2020-06-01','GOOG',1,1,'Spend',3,4,641.33),(2845,'2020-06-01','Alun',1,0,'Spend',3,1034,0.00),(2846,'2020-06-01','MobU',1,0,'Spend',3,1051,0.00),(2847,'2020-06-01','Cent',1,1,'Spend',3,1070,24.69),(2848,'2020-06-01','Maxt',1,0,'Spend',3,1107,0.00),(2849,'2020-06-01','FREQ',1,0,'Spend',3,1108,0.00),(2850,'2020-06-01','1073',1,1,'Revenue',1,1073,4000.00),(2851,'2020-06-01','GOOG',1,1,'Spend',1,4,20057.37),(2852,'2020-06-01','Cent',1,1,'Spend',1,1070,900.13),(2853,'2020-06-01','1079',1,1,'Revenue',1,1079,2500.00),(2854,'2020-06-01','1075',1,1,'Revenue',1,1075,1491.28),(2855,'2020-06-01','1078',1,1,'Revenue',1,1078,709.60),(2856,'2020-06-01','1080',1,0,'Revenue',1,1080,1421.83),(2857,'2020-06-01','1081',1,1,'Revenue',1,1081,596.51),(2858,'2020-06-01','1076',1,1,'Revenue',1,1076,23599.73),(2859,'2020-06-01','Forw',1,0,'Revenue',3,370,39.19),(2860,'2020-07-01','Forw',0,0,'Revenue',3,370,30.18),(2861,'2020-07-01','GNM ',1,0,'Revenue',3,599,0.00),(2862,'2020-07-01','EA -',1,0,'Revenue',3,601,0.00),(2863,'2020-07-01','IVAC',1,0,'Revenue',3,609,0.00),(2864,'2020-07-01','Buck',1,0,'Spend',3,1002,0.00),(2865,'2020-07-01','Mari',0,0,'Spend',3,1067,24.00),(2866,'2020-07-01','Maxt',1,0,'Spend',3,1107,0.00),(2867,'2020-07-01','FREQ',1,0,'Spend',3,1108,0.00),(2868,'2020-07-01','Macl',1,0,'Spend',3,1113,0.00),(2869,'2020-07-01','Unpr',1,0,'Spend',3,1114,0.00),(2870,'2020-07-01','GOOG',1,1,'Spend',1,4,16991.99),(2871,'2020-07-01','Cent',1,0,'Spend',1,1019,29.99),(2872,'2020-07-01','Cent',1,0,'Spend',1,1070,1785.96),(2873,'2020-07-01','1089',1,1,'Revenue',1,1089,2694.51),(2874,'2020-07-01','1082',1,1,'Revenue',1,1082,20265.17),(2875,'2020-07-01','1084',1,1,'Revenue',1,1084,2536.02),(2876,'2020-07-01','1088',1,1,'Revenue',1,1088,2495.62),(2877,'2020-07-01','1086',1,1,'Revenue',1,1086,281.25),(2878,'2020-07-01','Glob',0,1,'Revenue',3,488,13016.95),(2879,'2020-07-01','Face',1,0,'Spend',3,84,70.05),(2880,'2020-08-01','GNM ',1,0,'Revenue',3,599,0.00),(2881,'2020-08-01','Orav',0,0,'Revenue',3,612,39.00),(2882,'2020-08-01','GOOG',1,0,'Spend',3,4,668.27),(2883,'2020-08-01','FREQ',1,0,'Spend',3,1108,0.00),(2884,'2020-08-01','Unpr',0,0,'Spend',3,1114,19.50),(2885,'2020-08-01','1099',1,1,'Revenue',1,1099,2649.01),(2886,'2020-08-01','1102',1,1,'Revenue',1,1102,1151.16),(2887,'2020-08-01','AirP',1,1,'Spend',1,1,254.28),(2888,'2020-08-01','GOOG',1,0,'Spend',1,4,19303.96),(2889,'2020-08-01','Cent',1,1,'Spend',1,1019,631.34),(2890,'2020-08-01','Cent',1,0,'Spend',1,1070,1719.23),(2891,'2020-08-01','MGID',1,0,'Spend',3,1117,152.10),(2892,'2020-08-01','1104',1,1,'Revenue',1,1104,22585.63),(2893,'2020-08-01','1103',1,1,'Revenue',1,1103,1324.50),(2894,'2020-08-01','1097',1,0,'Revenue',1,1097,935.90),(2895,'2020-08-01','1109',1,0,'Revenue',1,1109,561.54),(2896,'2020-08-01','1110',1,1,'Revenue',1,1110,2005.50),(2897,'2020-08-01','1111',1,1,'Revenue',1,1111,401.10),(2898,'2020-09-01','Orav',0,0,'Revenue',3,612,13.00),(2899,'2020-09-01','Euro',0,0,'Revenue',3,618,25.81),(2900,'2020-09-01','Prop',0,0,'Spend',3,567,2.50),(2901,'2020-09-01','Cent',0,0,'Spend',3,1019,75.19),(2902,'2020-09-01','MobU',0,0,'Spend',3,1051,1471.00),(2903,'2020-09-01','Mari',0,0,'Spend',3,1067,10.00),(2904,'2020-09-01','Kali',0,0,'Spend',3,1095,9.00),(2905,'2020-09-01','CITY',0,0,'Spend',3,1110,52.50),(2906,'2020-09-01','Acti',0,0,'Spend',3,1111,3.50),(2907,'2020-09-01','MGID',0,0,'Spend',3,1117,19.59),(2908,'2020-09-01','Cura',0,0,'Spend',3,1119,14.00),(2909,'2020-09-01','Perf',0,0,'Spend',3,1120,32.00),(2910,'2020-09-01','Mobu',0,0,'Spend',3,1123,602.00),(2911,'2020-09-01','GOOG',0,0,'Spend',1,4,19008.75),(2912,'2020-09-01','Mari',0,0,'Spend',1,1067,0.36),(2913,'2020-09-01','Cent',0,0,'Spend',1,1070,1223.85);
/*!40000 ALTER TABLE `invoice_validation` ENABLE KEYS */;
UNLOCK TABLES;

--
-- Table structure for table `profile`
--

DROP TABLE IF EXISTS `profile`;
/*!40101 SET @saved_cs_client     = @@character_set_client */;
/*!50503 SET character_set_client = utf8mb4 */;
CREATE TABLE `profile` (
  `user_id` int(11) NOT NULL,
  `name` varchar(255) COLLATE utf8_unicode_ci DEFAULT NULL,
  `public_email` varchar(255) COLLATE utf8_unicode_ci DEFAULT NULL,
  `gravatar_email` varchar(255) COLLATE utf8_unicode_ci DEFAULT NULL,
  `gravatar_id` varchar(32) COLLATE utf8_unicode_ci DEFAULT NULL,
  `location` varchar(255) COLLATE utf8_unicode_ci DEFAULT NULL,
  `website` varchar(255) COLLATE utf8_unicode_ci DEFAULT NULL,
  `bio` text COLLATE utf8_unicode_ci,
  `timezone` varchar(40) COLLATE utf8_unicode_ci DEFAULT NULL,
  PRIMARY KEY (`user_id`),
  CONSTRAINT `fk_user_profile` FOREIGN KEY (`user_id`) REFERENCES `user` (`id`) ON DELETE CASCADE
) ENGINE=InnoDB DEFAULT CHARSET=utf8 COLLATE=utf8_unicode_ci;
/*!40101 SET character_set_client = @saved_cs_client */;

--
-- Dumping data for table `profile`
--

LOCK TABLES `profile` WRITE;
/*!40000 ALTER TABLE `profile` DISABLE KEYS */;
INSERT INTO `profile` VALUES (1,NULL,NULL,NULL,NULL,NULL,NULL,NULL,NULL),(2,NULL,NULL,NULL,NULL,NULL,NULL,NULL,NULL),(3,NULL,NULL,NULL,NULL,NULL,NULL,NULL,NULL),(4,NULL,NULL,NULL,NULL,NULL,NULL,NULL,NULL),(6,NULL,NULL,NULL,NULL,NULL,NULL,NULL,NULL),(7,NULL,NULL,NULL,NULL,NULL,NULL,NULL,NULL),(8,NULL,NULL,NULL,NULL,NULL,NULL,NULL,NULL),(9,NULL,NULL,NULL,NULL,NULL,NULL,NULL,NULL),(10,NULL,NULL,NULL,NULL,NULL,NULL,NULL,NULL),(11,NULL,NULL,NULL,NULL,NULL,NULL,NULL,NULL),(12,NULL,NULL,NULL,NULL,NULL,NULL,NULL,NULL),(13,NULL,NULL,NULL,NULL,NULL,NULL,NULL,NULL),(14,NULL,NULL,NULL,NULL,NULL,NULL,NULL,NULL),(15,NULL,NULL,NULL,NULL,NULL,NULL,NULL,NULL),(16,NULL,NULL,NULL,NULL,NULL,NULL,NULL,NULL),(17,NULL,NULL,NULL,NULL,NULL,NULL,NULL,NULL),(18,NULL,NULL,NULL,NULL,NULL,NULL,NULL,NULL);
/*!40000 ALTER TABLE `profile` ENABLE KEYS */;
UNLOCK TABLES;

--
-- Table structure for table `providers_validation`
--

DROP TABLE IF EXISTS `providers_validation`;
/*!40101 SET @saved_cs_client     = @@character_set_client */;
/*!50503 SET character_set_client = utf8mb4 */;
CREATE TABLE `providers_validation` (
  `id` int(11) NOT NULL AUTO_INCREMENT,
  `providers_id` int(11) NOT NULL,
  `period` date NOT NULL,
  `invoice` varchar(45) COLLATE utf8_bin DEFAULT NULL,
  `date` datetime NOT NULL,
  `status` enum('Validated','Invoiced','Inactive','Rejected','Paid') COLLATE utf8_bin DEFAULT 'Inactive',
  `comment` varchar(255) COLLATE utf8_bin DEFAULT NULL,
  `payment_date` date DEFAULT NULL,
  `amount` decimal(11,2) DEFAULT NULL,
  `company` varchar(255) COLLATE utf8_bin DEFAULT NULL,
  PRIMARY KEY (`id`),
  KEY `fk_providers_validation_providers1_idx` (`providers_id`),
  CONSTRAINT `fk_providers_validation_providers1` FOREIGN KEY (`providers_id`) REFERENCES `providers` (`id`) ON DELETE NO ACTION ON UPDATE NO ACTION
) ENGINE=InnoDB AUTO_INCREMENT=1006 DEFAULT CHARSET=utf8 COLLATE=utf8_bin;
/*!40101 SET character_set_client = @saved_cs_client */;

--
-- Dumping data for table `providers_validation`
--

LOCK TABLES `providers_validation` WRITE;
/*!40000 ALTER TABLE `providers_validation` DISABLE KEYS */;
INSERT INTO `providers_validation` VALUES (203,661,'2020-01-01','','2017-02-09 10:13:48','Invoiced',NULL,NULL,NULL,NULL),(204,549,'2020-01-01','','2017-02-02 11:18:05','Invoiced',NULL,NULL,NULL,NULL),(205,487,'2020-01-01','','2017-09-15 14:17:27','Paid',NULL,'2017-08-08',691.70,NULL),(206,489,'2020-01-01','','2017-02-01 16:09:50','Validated',NULL,NULL,NULL,NULL),(207,494,'2020-01-01','','2017-02-01 16:09:59','Validated',NULL,NULL,NULL,NULL),(208,518,'2020-01-01','','2017-02-13 14:28:01','Invoiced',NULL,NULL,NULL,NULL),(209,576,'2020-01-01','','2017-02-01 16:15:08','Validated',NULL,NULL,NULL,NULL),(210,638,'2020-01-01','','2017-02-01 16:15:19','Validated',NULL,NULL,NULL,NULL),(211,641,'2020-01-01','','2017-02-01 16:15:26','Validated',NULL,NULL,NULL,NULL),(212,646,'2020-01-01','','2017-02-01 16:16:26','Validated',NULL,NULL,NULL,NULL),(213,660,'2020-01-01','','2017-02-01 16:17:38','Validated',NULL,NULL,NULL,NULL),(214,676,'2020-01-01','','2017-02-01 16:18:02','Validated',NULL,NULL,NULL,NULL),(215,679,'2020-01-01','','2017-02-01 16:20:28','Validated',NULL,NULL,NULL,NULL),(216,699,'2020-01-01','','2017-02-01 16:20:36','Validated',NULL,NULL,NULL,NULL),(217,704,'2020-01-01','','2017-02-01 16:20:56','Validated',NULL,NULL,NULL,NULL),(218,712,'2020-01-01','','2017-02-06 17:25:18','Invoiced',NULL,NULL,NULL,NULL),(219,715,'2020-01-01','','2017-02-01 16:22:53','Validated',NULL,NULL,NULL,NULL),(220,716,'2020-01-01','','2017-02-01 16:23:06','Validated',NULL,NULL,NULL,NULL),(221,721,'2020-01-01','','2017-02-15 12:57:52','Invoiced',NULL,NULL,NULL,NULL),(222,722,'2020-01-01','','2017-02-21 15:58:31','Invoiced',NULL,NULL,NULL,NULL),(223,723,'2020-01-01','','2017-02-01 16:37:51','Validated',NULL,NULL,NULL,NULL),(224,728,'2020-01-01','','2017-09-15 14:36:48','Paid',NULL,'2017-08-10',14.72,NULL),(225,736,'2020-01-01','','2017-02-01 16:47:20','Validated',NULL,NULL,NULL,NULL),(226,743,'2020-01-01','','2017-02-01 16:48:00','Validated',NULL,NULL,NULL,NULL),(227,744,'2020-01-01','','2017-09-15 14:32:32','Paid',NULL,'2017-08-11',333.82,NULL),(228,752,'2020-01-01','','2017-02-20 10:58:17','Invoiced',NULL,NULL,NULL,NULL),(229,760,'2020-01-01','','2017-02-01 16:51:06','Validated',NULL,NULL,NULL,NULL),(230,761,'2020-01-01','','2017-02-01 16:51:19','Validated',NULL,NULL,NULL,NULL),(231,775,'2020-01-01','','2017-02-01 16:52:05','Validated',NULL,NULL,NULL,NULL),(232,768,'2020-01-01','','2017-02-01 17:05:18','Validated',NULL,NULL,NULL,NULL),(233,746,'2020-01-01','','2017-02-01 17:28:23','Validated',NULL,NULL,NULL,NULL),(234,749,'2020-01-01','','2017-02-01 17:35:24','Validated',NULL,NULL,NULL,NULL),(235,1,'2020-01-01','','2017-02-08 17:18:34','Invoiced',NULL,NULL,NULL,NULL),(236,361,'2020-01-01','','2017-02-02 15:07:42','Validated',NULL,NULL,NULL,NULL),(237,86,'2020-01-01','','2017-02-06 15:37:30','Validated',NULL,NULL,NULL,NULL),(238,508,'2020-01-01','','2017-02-06 16:21:11','Validated',NULL,NULL,NULL,NULL),(239,36,'2020-01-01','','2017-02-07 17:17:47','Invoiced',NULL,NULL,NULL,NULL),(240,708,'2016-11-01','','2017-02-07 14:52:31','Validated',NULL,NULL,NULL,NULL),(241,619,'2016-11-01','','2017-02-07 14:52:42','Validated',NULL,NULL,NULL,NULL),(242,708,'2020-01-01','','2017-02-10 10:44:49','Validated',NULL,NULL,NULL,NULL),(243,335,'2020-01-01','','2017-02-13 11:32:36','Validated',NULL,NULL,NULL,NULL),(244,763,'2020-01-01','','2017-02-20 17:21:33','Invoiced',NULL,NULL,NULL,NULL),(245,661,'2020-02-01','','2017-03-20 11:21:41','Invoiced',NULL,NULL,NULL,NULL),(246,746,'2020-02-01','','2017-03-02 11:52:06','Invoiced',NULL,NULL,NULL,NULL),(247,230,'2020-02-01','','2017-03-01 14:38:13','Validated',NULL,NULL,NULL,NULL),(248,569,'2020-02-01','','2017-03-13 10:19:45','Invoiced',NULL,NULL,NULL,NULL),(249,487,'2020-02-01','','2017-03-01 15:14:26','Validated',NULL,NULL,NULL,NULL),(250,798,'2020-02-01','','2017-03-14 17:35:58','Invoiced',NULL,NULL,NULL,NULL),(251,791,'2020-02-01','','2017-03-16 17:50:33','Invoiced',NULL,NULL,NULL,NULL),(252,518,'2020-02-01','','2017-03-01 16:29:19','Validated',NULL,NULL,NULL,NULL),(253,576,'2020-02-01','','2017-03-01 16:29:59','Validated',NULL,NULL,NULL,NULL),(254,641,'2020-02-01','','2017-03-01 16:32:06','Validated',NULL,NULL,NULL,NULL),(255,646,'2020-02-01','','2017-03-01 16:37:12','Validated',NULL,NULL,NULL,NULL),(256,660,'2020-02-01','','2017-03-01 16:44:21','Validated',NULL,NULL,NULL,NULL),(257,674,'2020-02-01','','2017-03-02 09:59:30','Invoiced',NULL,NULL,NULL,NULL),(258,699,'2020-02-01','','2017-03-01 17:17:39','Validated',NULL,NULL,NULL,NULL),(259,712,'2020-02-01','','2017-03-20 15:58:26','Invoiced',NULL,NULL,NULL,NULL),(260,716,'2020-02-01','','2017-03-01 17:19:03','Validated',NULL,NULL,NULL,NULL),(261,721,'2020-02-01','','2017-03-27 14:57:01','Invoiced',NULL,NULL,NULL,NULL),(262,722,'2020-02-01','','2017-03-13 17:30:10','Invoiced',NULL,NULL,NULL,NULL),(263,723,'2020-02-01','','2017-03-01 17:25:59','Validated',NULL,NULL,NULL,NULL),(264,749,'2020-02-01','','2017-03-01 17:28:49','Validated',NULL,NULL,NULL,NULL),(265,728,'2020-02-01','','2017-09-15 14:37:20','Paid',NULL,'2017-08-10',14.05,NULL),(266,736,'2020-02-01','','2017-03-01 17:54:48','Validated',NULL,NULL,NULL,NULL),(267,744,'2020-02-01','','2017-09-15 14:31:49','Paid',NULL,'2017-08-11',352.69,NULL),(268,752,'2020-02-01','','2017-03-22 15:30:11','Invoiced',NULL,NULL,NULL,NULL),(269,760,'2020-02-01','','2017-03-01 18:18:41','Validated',NULL,NULL,NULL,NULL),(270,802,'2020-02-01','','2017-03-02 10:14:43','Validated',NULL,NULL,NULL,NULL),(271,788,'2020-02-01','','2017-03-02 10:15:04','Validated',NULL,NULL,NULL,NULL),(272,811,'2020-02-01','','2017-03-02 10:18:46','Validated',NULL,NULL,NULL,NULL),(273,808,'2020-02-01','','2017-03-14 17:16:17','Invoiced',NULL,NULL,NULL,NULL),(274,807,'2020-02-01','','2017-03-02 11:07:05','Validated',NULL,NULL,NULL,NULL),(275,794,'2020-02-01','','2017-03-02 15:46:12','Validated',NULL,NULL,NULL,NULL),(276,813,'2020-02-01','','2017-03-02 17:50:12','Validated',NULL,NULL,NULL,NULL),(277,815,'2020-02-01','','2017-03-14 17:14:15','Invoiced',NULL,NULL,NULL,NULL),(278,787,'2020-02-01','','2017-03-14 17:18:17','Invoiced',NULL,NULL,NULL,NULL),(279,819,'2020-02-01','','2017-03-02 17:54:52','Validated',NULL,NULL,NULL,NULL),(280,1,'2020-02-01','','2017-03-03 17:29:58','Validated',NULL,NULL,NULL,NULL),(281,62,'2020-02-01','','2017-03-27 15:34:58','Invoiced',NULL,NULL,NULL,NULL),(282,107,'2020-02-01','','2017-03-06 10:00:00','Validated',NULL,NULL,NULL,NULL),(283,496,'2020-02-01','','2017-03-27 16:10:24','Invoiced',NULL,NULL,NULL,NULL),(284,508,'2020-02-01','','2017-03-07 15:49:05','Validated',NULL,NULL,NULL,NULL),(285,763,'2020-02-01','','2017-03-07 15:49:35','Validated',NULL,NULL,NULL,NULL),(286,708,'2020-02-01','','2017-03-08 10:42:41','Validated',NULL,NULL,NULL,NULL),(287,496,'2020-01-01','','2017-03-27 16:11:24','Invoiced',NULL,NULL,NULL,NULL),(288,335,'2020-02-01','','2017-03-27 16:01:44','Invoiced',NULL,NULL,NULL,NULL),(289,107,'2020-01-01','','2017-03-14 10:40:08','Validated',NULL,NULL,NULL,NULL),(290,778,'2020-02-01','','2017-03-15 15:42:27','Validated',NULL,NULL,NULL,NULL),(291,321,'2020-02-01','','2017-03-15 15:42:37','Validated',NULL,NULL,NULL,NULL),(292,809,'2020-03-01','','2017-04-03 12:49:07','Validated',NULL,NULL,NULL,NULL),(293,140,'2020-03-01','','2017-04-03 14:47:29','Validated',NULL,NULL,NULL,NULL),(294,230,'2020-03-01','','2017-04-03 15:03:14','Validated',NULL,NULL,NULL,NULL),(295,723,'2020-03-01','','2017-04-03 15:13:08','Validated',NULL,NULL,NULL,NULL),(296,487,'2020-03-01','','2017-04-03 15:45:44','Validated',NULL,NULL,NULL,NULL),(297,518,'2020-03-01','','2017-04-03 15:46:06','Validated',NULL,NULL,NULL,NULL),(298,641,'2020-03-01','','2017-04-03 15:50:30','Validated',NULL,NULL,NULL,NULL),(299,646,'2020-03-01','','2017-04-03 15:58:25','Validated',NULL,NULL,NULL,NULL),(300,661,'2020-03-01','','2017-04-12 12:30:33','Invoiced',NULL,NULL,NULL,NULL),(301,674,'2020-03-01','','2017-04-03 16:18:02','Validated',NULL,NULL,NULL,NULL),(302,712,'2020-03-01','','2017-04-10 17:23:25','Invoiced',NULL,NULL,NULL,NULL),(303,716,'2020-03-01','','2017-04-03 16:38:55','Validated',NULL,NULL,NULL,NULL),(304,722,'2020-03-01','','2017-04-21 17:18:54','Invoiced',NULL,NULL,NULL,NULL),(305,728,'2020-03-01','','2017-09-15 14:39:22','Paid',NULL,'2017-08-10',18.28,NULL),(306,744,'2020-03-01','','2017-09-15 14:30:46','Paid',NULL,'2017-08-11',400.43,NULL),(307,746,'2020-03-01','','2017-04-03 17:20:54','Invoiced',NULL,NULL,NULL,NULL),(308,749,'2020-03-01','','2017-04-24 18:21:27','Invoiced',NULL,NULL,NULL,NULL),(309,752,'2020-03-01','','2017-04-25 10:57:04','Invoiced',NULL,NULL,NULL,NULL),(310,760,'2020-03-01','','2017-04-03 17:05:29','Validated',NULL,NULL,NULL,NULL),(311,814,'2020-03-01','','2017-04-03 17:07:59','Validated',NULL,NULL,NULL,NULL),(312,826,'2020-03-01','','2017-04-03 17:43:47','Validated',NULL,NULL,NULL,NULL),(313,855,'2020-03-01','','2017-04-03 17:46:00','Validated',NULL,NULL,NULL,NULL),(314,569,'2020-03-01','','2017-04-07 11:36:36','Invoiced',NULL,NULL,NULL,NULL),(315,787,'2020-03-01','','2017-05-11 16:06:33','Invoiced',NULL,NULL,NULL,NULL),(316,798,'2020-03-01','','2017-04-03 18:09:18','Invoiced',NULL,NULL,NULL,NULL),(317,791,'2020-03-01','','2017-04-04 12:38:03','Validated',NULL,NULL,NULL,NULL),(318,794,'2020-03-01','','2017-04-04 12:39:08','Validated',NULL,NULL,NULL,NULL),(319,802,'2020-03-01','','2017-04-04 12:39:16','Validated',NULL,NULL,NULL,NULL),(320,808,'2020-03-01','','2017-04-04 12:41:19','Validated',NULL,NULL,NULL,NULL),(321,813,'2020-03-01','','2017-04-04 12:42:22','Validated',NULL,NULL,NULL,NULL),(322,811,'2020-03-01','','2017-04-04 12:42:34','Validated',NULL,NULL,NULL,NULL),(323,807,'2020-03-01','','2017-04-17 11:14:15','Invoiced',NULL,NULL,NULL,NULL),(324,819,'2020-03-01','','2017-04-07 11:38:00','Invoiced',NULL,NULL,NULL,NULL),(325,831,'2020-03-01','','2017-04-26 10:41:25','Invoiced',NULL,NULL,NULL,NULL),(326,818,'2020-03-01','','2017-04-17 11:29:34','Invoiced',NULL,NULL,NULL,NULL),(327,828,'2020-03-01','','2017-04-04 12:53:02','Validated',NULL,NULL,NULL,NULL),(328,859,'2020-03-01','','2017-04-04 12:57:43','Validated',NULL,NULL,NULL,NULL),(329,857,'2020-03-01','','2017-04-04 12:58:03','Validated',NULL,NULL,NULL,NULL),(330,842,'2020-03-01','','2017-04-04 12:58:45','Validated',NULL,NULL,NULL,NULL),(331,843,'2020-03-01','','2017-04-04 12:58:58','Validated',NULL,NULL,NULL,NULL),(332,815,'2020-03-01','','2017-04-04 12:59:13','Validated',NULL,NULL,NULL,NULL),(333,832,'2020-03-01','','2017-04-04 13:00:13','Validated',NULL,NULL,NULL,NULL),(334,845,'2020-03-01','','2017-04-04 13:00:38','Validated',NULL,NULL,NULL,NULL),(335,1,'2020-03-01','','2017-04-05 10:48:34','Validated',NULL,NULL,NULL,NULL),(336,62,'2020-03-01','','2017-04-05 10:56:52','Validated',NULL,NULL,NULL,NULL),(337,708,'2020-03-01','','2017-04-06 10:37:08','Validated',NULL,NULL,NULL,NULL),(338,335,'2020-03-01','','2017-04-07 11:51:57','Validated',NULL,NULL,NULL,NULL),(339,772,'2020-03-01','','2017-04-07 12:14:59','Validated',NULL,NULL,NULL,NULL),(340,15,'2020-03-01','','2017-04-07 12:15:14','Validated',NULL,NULL,NULL,NULL),(341,817,'2020-03-01','','2017-04-07 12:15:31','Validated',NULL,NULL,NULL,NULL),(342,508,'2020-03-01','','2017-04-07 12:33:45','Validated',NULL,NULL,NULL,NULL),(343,36,'2020-03-01','','2017-04-10 10:48:32','Validated',NULL,NULL,NULL,NULL),(344,107,'2020-03-01','','2017-04-10 12:26:20','Validated',NULL,NULL,NULL,NULL),(345,36,'2020-02-01','','2017-04-10 12:57:47','Validated',NULL,NULL,NULL,NULL),(346,15,'2020-02-01','','2017-04-10 12:58:02','Validated',NULL,NULL,NULL,NULL),(347,26,'2020-02-01','','2017-04-10 12:58:08','Validated',NULL,NULL,NULL,NULL),(348,661,'2020-04-01','','2017-05-10 15:17:51','Invoiced',NULL,NULL,NULL,NULL),(349,873,'2020-04-01','','2017-05-02 10:41:18','Validated',NULL,NULL,NULL,NULL),(350,230,'2020-04-01','','2017-05-02 16:36:48','Validated',NULL,NULL,NULL,NULL),(351,569,'2020-04-01','','2017-05-12 15:21:41','Invoiced',NULL,NULL,NULL,NULL),(352,618,'2020-04-01','','2017-05-12 15:22:30','Invoiced',NULL,NULL,NULL,NULL),(353,798,'2020-04-01','','2017-05-02 16:37:50','Validated',NULL,NULL,NULL,NULL),(354,787,'2020-04-01','','2017-05-12 15:25:00','Invoiced',NULL,NULL,NULL,NULL),(355,813,'2020-04-01','','2017-05-02 16:39:27','Validated',NULL,NULL,NULL,NULL),(356,869,'2020-04-01','','2017-05-02 16:47:44','Invoiced',NULL,NULL,NULL,NULL),(357,880,'2020-04-01','','2017-05-02 16:50:57','Validated',NULL,NULL,NULL,NULL),(358,815,'2020-04-01','','2017-05-02 16:51:14','Validated',NULL,NULL,NULL,NULL),(359,811,'2020-04-01','','2017-05-02 16:51:23','Validated',NULL,NULL,NULL,NULL),(360,808,'2020-04-01','','2017-05-02 16:51:36','Validated',NULL,NULL,NULL,NULL),(361,807,'2020-04-01','','2017-05-02 16:51:44','Validated',NULL,NULL,NULL,NULL),(362,879,'2020-04-01','','2017-05-02 17:14:29','Validated',NULL,NULL,NULL,NULL),(363,857,'2020-04-01','','2017-05-02 17:14:54','Validated',NULL,NULL,NULL,NULL),(364,814,'2020-04-01','','2017-05-02 18:02:51','Validated',NULL,NULL,NULL,NULL),(365,1,'2020-04-01','','2017-05-03 11:28:06','Validated',NULL,NULL,NULL,NULL),(366,62,'2020-04-01','','2017-05-03 11:37:52','Validated',NULL,NULL,NULL,NULL),(367,791,'2020-04-01','','2017-05-03 11:45:48','Validated',NULL,NULL,NULL,NULL),(368,819,'2020-04-01','','2017-05-04 10:37:17','Invoiced',NULL,NULL,NULL,NULL),(369,828,'2020-04-01','','2017-05-03 11:53:23','Validated',NULL,NULL,NULL,NULL),(370,818,'2020-04-01','','2017-05-24 11:19:15','Invoiced',NULL,NULL,NULL,NULL),(371,832,'2020-04-01','','2017-05-03 11:56:19','Validated',NULL,NULL,NULL,NULL),(372,845,'2020-04-01','','2017-05-12 15:28:22','Invoiced',NULL,NULL,NULL,NULL),(373,831,'2020-04-01','','2017-05-24 12:53:58','Invoiced',NULL,NULL,NULL,NULL),(374,487,'2020-04-01','','2017-05-03 16:23:07','Validated',NULL,NULL,NULL,NULL),(375,641,'2020-04-01','','2017-05-03 16:39:25','Validated',NULL,NULL,NULL,NULL),(376,646,'2020-04-01','','2017-05-03 16:40:29','Validated',NULL,NULL,NULL,NULL),(377,674,'2020-04-01','','2017-05-03 16:41:20','Validated',NULL,NULL,NULL,NULL),(378,712,'2020-04-01','','2017-06-06 14:45:06','Invoiced',NULL,NULL,NULL,NULL),(379,716,'2020-04-01','','2017-05-03 16:43:08','Validated',NULL,NULL,NULL,NULL),(380,722,'2020-04-01','','2017-05-26 10:41:33','Invoiced',NULL,NULL,NULL,NULL),(381,723,'2020-04-01','','2017-05-03 16:44:57','Validated',NULL,NULL,NULL,NULL),(382,728,'2020-04-01','','2017-09-15 14:42:02','Paid',NULL,'2017-08-10',11.52,NULL),(383,744,'2020-04-01','','2017-09-15 14:30:06','Paid',NULL,'2017-08-11',329.40,NULL),(384,746,'2020-04-01','','2017-05-03 16:50:29','Validated',NULL,NULL,NULL,NULL),(385,752,'2020-04-01','','2017-05-24 12:47:25','Invoiced',NULL,NULL,NULL,NULL),(386,760,'2020-04-01','','2017-05-03 17:06:15','Validated',NULL,NULL,NULL,NULL),(387,809,'2020-04-01','','2017-05-03 17:07:57','Rejected','la fc lleggo por 326.01',NULL,NULL,NULL),(388,855,'2020-04-01','','2017-05-03 17:09:16','Validated',NULL,NULL,NULL,NULL),(389,854,'2020-04-01','','2017-05-03 17:11:59','Validated',NULL,NULL,NULL,NULL),(390,865,'2020-04-01','','2017-05-03 17:13:19','Validated',NULL,NULL,NULL,NULL),(391,508,'2020-04-01','','2017-05-04 15:18:56','Validated',NULL,NULL,NULL,NULL),(392,107,'2020-04-01','','2017-05-10 10:13:10','Validated',NULL,NULL,NULL,NULL),(393,496,'2020-04-01','','2017-05-11 14:38:47','Validated',NULL,NULL,NULL,NULL),(394,335,'2020-04-01','','2017-05-15 12:17:02','Validated',NULL,NULL,NULL,NULL),(395,708,'2020-04-01','','2017-05-16 14:31:32','Validated',NULL,NULL,NULL,NULL),(396,813,'2020-05-01','','2017-06-01 12:29:34','Validated',NULL,NULL,NULL,NULL),(397,903,'2020-05-01','','2017-06-28 13:58:26','Invoiced',NULL,NULL,NULL,NULL),(398,487,'2020-05-01','','2017-06-01 12:52:42','Validated',NULL,NULL,NULL,NULL),(399,230,'2020-05-01','','2017-06-01 14:10:23','Validated',NULL,NULL,NULL,NULL),(400,569,'2020-05-01','','2017-06-05 15:40:22','Invoiced',NULL,NULL,NULL,NULL),(401,787,'2020-05-01','','2017-06-01 14:10:55','Validated',NULL,NULL,NULL,NULL),(402,798,'2020-05-01','','2017-06-01 14:11:10','Validated',NULL,NULL,NULL,NULL),(403,818,'2020-05-01','','2017-06-01 14:11:23','Validated',NULL,NULL,NULL,NULL),(404,831,'2020-05-01','','2017-06-01 14:11:38','Validated',NULL,NULL,NULL,NULL),(405,904,'2020-05-01','','2017-06-01 14:12:34','Validated',NULL,NULL,NULL,NULL),(406,869,'2020-05-01','','2017-06-05 15:29:07','Invoiced',NULL,NULL,NULL,NULL),(407,661,'2020-05-01','','2017-06-14 17:17:02','Invoiced',NULL,NULL,NULL,NULL),(408,641,'2020-05-01','','2017-06-01 17:52:24','Validated',NULL,NULL,NULL,NULL),(409,646,'2020-05-01','','2017-06-01 17:52:35','Validated',NULL,NULL,NULL,NULL),(410,674,'2020-05-01','','2017-06-01 18:08:25','Validated',NULL,NULL,NULL,NULL),(411,712,'2020-05-01','','2017-06-06 14:45:43','Invoiced',NULL,NULL,NULL,NULL),(412,716,'2020-05-01','','2017-06-01 18:10:10','Validated',NULL,NULL,NULL,NULL),(413,722,'2020-05-01','','2017-06-14 12:15:00','Invoiced',NULL,NULL,NULL,NULL),(414,723,'2020-05-01','','2017-06-01 18:16:27','Validated',NULL,NULL,NULL,NULL),(415,728,'2020-05-01','','2017-09-15 14:42:49','Paid',NULL,'2017-08-11',12.17,NULL),(416,744,'2020-05-01','','2017-06-01 18:19:05','Validated',NULL,NULL,NULL,NULL),(417,746,'2020-05-01','','2017-06-01 18:25:53','Validated',NULL,NULL,NULL,NULL),(418,752,'2020-05-01','','2017-06-01 18:26:36','Validated',NULL,NULL,NULL,NULL),(419,760,'2020-05-01','','2017-06-01 18:27:17','Validated',NULL,NULL,NULL,NULL),(420,809,'2020-05-01','','2017-09-15 14:12:09','Paid',NULL,'2017-08-08',2890.25,NULL),(421,895,'2020-05-01','','2017-06-02 12:33:57','Validated',NULL,NULL,NULL,NULL),(422,618,'2020-05-01','','2017-06-14 16:54:25','Invoiced',NULL,NULL,NULL,NULL),(423,791,'2020-05-01','','2017-06-05 14:52:10','Validated',NULL,NULL,NULL,NULL),(424,808,'2020-05-01','','2017-06-05 14:52:41','Validated',NULL,NULL,NULL,NULL),(425,815,'2020-05-01','','2017-06-05 14:52:48','Validated',NULL,NULL,NULL,NULL),(426,819,'2020-05-01','','2017-06-28 14:01:41','Invoiced',NULL,NULL,NULL,NULL),(427,828,'2020-05-01','','2017-06-05 14:54:40','Validated',NULL,NULL,NULL,NULL),(428,832,'2020-05-01','','2017-06-05 14:56:00','Validated',NULL,NULL,NULL,NULL),(429,843,'2020-05-01','','2017-06-05 14:56:33','Validated',NULL,NULL,NULL,NULL),(430,845,'2020-05-01','','2017-06-05 14:56:45','Validated',NULL,NULL,NULL,NULL),(431,857,'2020-05-01','','2017-06-05 14:56:57','Validated',NULL,NULL,NULL,NULL),(432,864,'2020-05-01','','2017-06-05 14:57:07','Validated',NULL,NULL,NULL,NULL),(433,879,'2020-05-01','','2017-06-05 14:57:18','Validated',NULL,NULL,NULL,NULL),(434,887,'2020-05-01','','2017-06-05 14:57:30','Validated',NULL,NULL,NULL,NULL),(435,889,'2020-05-01','','2017-06-05 15:19:29','Invoiced',NULL,NULL,NULL,NULL),(436,900,'2020-05-01','','2017-06-05 14:57:52','Validated',NULL,NULL,NULL,NULL),(437,62,'2020-05-01','','2017-06-13 10:48:34','Validated',NULL,NULL,NULL,NULL),(438,1,'2020-05-01','','2017-06-13 10:52:57','Validated',NULL,NULL,NULL,NULL),(439,619,'2020-05-01','','2017-06-13 10:57:48','Validated',NULL,NULL,NULL,NULL),(440,708,'2020-05-01','','2017-09-15 15:45:49','Paid',NULL,'2017-08-01',16038.47,NULL),(441,496,'2020-03-01','','2017-07-04 12:48:20','Validated',NULL,NULL,NULL,NULL),(442,569,'2020-06-01','','2017-11-03 15:17:00','Paid',NULL,'2017-10-31',659.93,NULL),(443,618,'2020-06-01','','2017-07-10 12:52:20','Validated',NULL,NULL,NULL,NULL),(444,787,'2020-06-01','','2017-07-10 12:52:31','Validated',NULL,NULL,NULL,NULL),(445,791,'2020-06-01','','2017-07-10 12:52:37','Validated',NULL,NULL,NULL,NULL),(446,798,'2020-06-01','','2017-07-10 12:52:42','Validated',NULL,NULL,NULL,NULL),(447,808,'2020-06-01','','2017-07-10 12:52:56','Validated',NULL,NULL,NULL,NULL),(448,813,'2020-06-01','','2017-07-10 12:53:03','Validated',NULL,NULL,NULL,NULL),(449,815,'2020-06-01','','2017-07-10 12:53:09','Validated',NULL,NULL,NULL,NULL),(450,818,'2020-06-01','','2017-07-10 12:53:16','Validated',NULL,NULL,NULL,NULL),(451,819,'2020-06-01','','2017-07-10 12:53:24','Validated',NULL,NULL,NULL,NULL),(452,828,'2020-06-01','','2017-07-10 12:53:31','Validated',NULL,NULL,NULL,NULL),(453,831,'2020-06-01','','2017-07-10 12:53:36','Validated',NULL,NULL,NULL,NULL),(454,832,'2020-06-01','','2017-07-10 12:53:42','Validated',NULL,NULL,NULL,NULL),(455,843,'2020-06-01','','2017-07-10 12:53:48','Validated',NULL,NULL,NULL,NULL),(456,845,'2020-06-01','','2017-07-10 12:53:54','Validated',NULL,NULL,NULL,NULL),(457,857,'2020-06-01','','2017-07-10 12:54:02','Validated',NULL,NULL,NULL,NULL),(458,864,'2020-06-01','','2017-07-10 12:54:11','Validated',NULL,NULL,NULL,NULL),(459,903,'2020-06-01','','2017-07-10 12:54:22','Validated',NULL,NULL,NULL,NULL),(460,904,'2020-06-01','','2017-07-10 12:54:32','Validated',NULL,NULL,NULL,NULL),(461,889,'2020-06-01','','2017-07-10 12:54:42','Validated',NULL,NULL,NULL,NULL),(462,869,'2020-06-01','','2017-07-10 12:54:52','Validated',NULL,NULL,NULL,NULL),(463,879,'2020-06-01','','2017-07-10 12:55:07','Validated',NULL,NULL,NULL,NULL),(464,887,'2020-06-01','','2017-07-10 12:55:20','Validated',NULL,NULL,NULL,NULL),(465,1,'2020-06-01','','2017-12-05 11:48:42','Paid',NULL,'2017-11-30',150.97,NULL),(466,62,'2020-06-01','','2017-07-10 17:50:31','Validated',NULL,NULL,NULL,NULL),(467,619,'2020-06-01','','2017-09-11 10:29:28','Invoiced',NULL,NULL,NULL,NULL),(468,487,'2020-06-01','','2017-07-13 17:10:53','Validated',NULL,NULL,NULL,NULL),(469,661,'2020-06-01','','2017-09-11 15:29:06','Paid',NULL,'2017-09-08',33294.96,NULL),(470,708,'2020-06-01','','2017-09-14 11:47:56','Paid',NULL,'2017-09-14',6426.36,NULL),(471,722,'2020-06-01','','2017-07-24 10:48:22','Invoiced',NULL,NULL,NULL,NULL),(472,518,'2020-06-01','','2017-07-24 17:38:17','Validated',NULL,NULL,NULL,NULL),(473,565,'2020-06-01','','2017-07-24 17:49:28','Validated',NULL,NULL,NULL,NULL),(474,641,'2020-06-01','','2017-07-24 17:49:36','Validated',NULL,NULL,NULL,NULL),(475,646,'2020-06-01','','2017-07-24 17:49:43','Validated',NULL,NULL,NULL,NULL),(476,712,'2020-06-01','','2017-07-24 17:49:51','Validated',NULL,NULL,NULL,NULL),(477,716,'2020-06-01','','2017-07-24 17:50:04','Validated',NULL,NULL,NULL,NULL),(478,723,'2020-06-01','','2017-07-24 17:51:05','Validated',NULL,NULL,NULL,NULL),(479,728,'2020-06-01','','2017-07-24 17:51:14','Validated',NULL,NULL,NULL,NULL),(480,744,'2020-06-01','','2017-07-24 17:51:26','Validated',NULL,NULL,NULL,NULL),(481,760,'2020-06-01','','2017-07-24 17:51:35','Validated',NULL,NULL,NULL,NULL),(482,895,'2020-06-01','','2017-07-24 17:52:41','Validated',NULL,NULL,NULL,NULL),(483,809,'2020-06-01','','2017-09-15 14:10:41','Paid',NULL,'2017-08-08',1806.54,NULL),(484,230,'2020-06-01','','2017-07-24 17:54:43','Validated',NULL,NULL,NULL,NULL),(485,661,'2020-07-01','','2017-10-12 10:23:52','Paid',NULL,'2017-10-10',32564.35,NULL),(486,487,'2020-07-01','','2017-08-01 17:55:32','Validated',NULL,NULL,NULL,NULL),(487,518,'2020-07-01','','2017-08-02 12:48:04','Validated',NULL,NULL,NULL,NULL),(488,565,'2020-07-01','','2017-08-02 13:14:05','Validated',NULL,NULL,NULL,NULL),(489,641,'2020-07-01','','2017-08-02 13:16:50','Validated',NULL,NULL,NULL,NULL),(490,646,'2020-07-01','','2017-08-02 15:23:45','Validated',NULL,NULL,NULL,NULL),(491,712,'2020-07-01','','2017-08-02 15:24:26','Validated',NULL,NULL,NULL,NULL),(492,716,'2020-07-01','','2017-08-02 15:30:17','Validated',NULL,NULL,NULL,NULL),(493,722,'2020-07-01','','2017-08-02 15:35:08','Validated',NULL,NULL,NULL,NULL),(494,723,'2020-07-01','','2017-08-02 15:38:17','Validated',NULL,NULL,NULL,NULL),(495,728,'2020-07-01','','2017-08-02 15:38:43','Validated',NULL,NULL,NULL,NULL),(496,744,'2020-07-01','','2017-08-02 15:41:39','Validated',NULL,NULL,NULL,NULL),(497,760,'2020-07-01','','2017-08-02 15:44:53','Validated',NULL,NULL,NULL,NULL),(498,895,'2020-07-01','','2017-08-02 15:49:32','Validated',NULL,NULL,NULL,NULL),(499,898,'2020-07-01','','2017-08-02 15:54:56','Validated',NULL,NULL,NULL,NULL),(500,809,'2020-07-01','','2017-08-02 15:57:00','Validated',NULL,NULL,NULL,NULL),(501,862,'2020-07-01','','2017-08-02 15:58:50','Validated',NULL,NULL,NULL,NULL),(502,888,'2020-07-01','','2017-08-02 16:00:24','Validated',NULL,NULL,NULL,NULL),(503,708,'2020-07-01','','2017-08-15 12:41:58','Invoiced',NULL,NULL,NULL,NULL),(504,619,'2020-07-01','','2017-08-03 15:20:22','Validated',NULL,NULL,NULL,NULL),(505,62,'2020-07-01','','2017-08-03 15:28:37','Validated',NULL,NULL,NULL,NULL),(506,1,'2020-07-01','','2017-12-05 11:48:18','Paid',NULL,'2017-11-30',1019.57,NULL),(507,661,'2020-08-01','','2017-11-03 12:19:34','Paid',NULL,'2017-10-24',31086.08,NULL),(508,230,'2020-08-01','','2017-09-01 17:18:38','Validated',NULL,NULL,NULL,NULL),(509,487,'2020-08-01','','2017-09-01 17:52:36','Validated',NULL,NULL,NULL,NULL),(510,518,'2020-08-01','','2017-09-01 17:56:08','Validated',NULL,NULL,NULL,NULL),(511,565,'2020-08-01','','2017-09-01 17:57:32','Validated',NULL,NULL,NULL,NULL),(512,641,'2020-08-01','','2017-09-01 17:58:52','Validated',NULL,NULL,NULL,NULL),(513,646,'2020-08-01','','2017-09-01 18:00:23','Validated',NULL,NULL,NULL,NULL),(514,712,'2020-08-01','','2017-09-01 18:01:49','Validated',NULL,NULL,NULL,NULL),(515,716,'2020-08-01','','2017-09-01 18:02:19','Validated',NULL,NULL,NULL,NULL),(516,722,'2020-08-01','','2017-09-01 18:04:25','Validated',NULL,NULL,NULL,NULL),(517,723,'2020-08-01','','2017-09-01 18:07:26','Validated',NULL,NULL,NULL,NULL),(518,728,'2020-08-01','','2017-09-01 18:07:55','Validated',NULL,NULL,NULL,NULL),(519,744,'2020-08-01','','2017-09-01 18:08:50','Validated',NULL,NULL,NULL,NULL),(520,760,'2020-08-01','','2017-09-01 18:09:37','Validated',NULL,NULL,NULL,NULL),(521,798,'2020-08-01','','2017-09-01 18:12:16','Validated',NULL,NULL,NULL,NULL),(522,813,'2020-08-01','','2017-09-01 18:14:20','Validated',NULL,NULL,NULL,NULL),(523,818,'2020-08-01','','2017-09-01 18:15:34','Validated',NULL,NULL,NULL,NULL),(524,819,'2020-08-01','','2017-09-01 18:18:41','Validated',NULL,NULL,NULL,NULL),(525,828,'2020-08-01','','2017-09-01 18:20:43','Validated',NULL,NULL,NULL,NULL),(526,831,'2020-08-01','','2017-09-01 18:21:06','Validated',NULL,NULL,NULL,NULL),(527,832,'2020-08-01','','2017-09-01 18:22:26','Validated',NULL,NULL,NULL,NULL),(528,845,'2020-08-01','','2017-09-01 18:23:22','Validated',NULL,NULL,NULL,NULL),(529,857,'2020-08-01','','2017-09-04 11:16:13','Validated',NULL,NULL,NULL,NULL),(530,869,'2020-08-01','','2017-09-04 11:16:50','Validated',NULL,NULL,NULL,NULL),(531,889,'2020-08-01','','2017-09-04 11:17:20','Validated',NULL,NULL,NULL,NULL),(532,895,'2020-08-01','','2017-09-04 11:18:02','Validated',NULL,NULL,NULL,NULL),(533,898,'2020-08-01','','2017-09-04 11:19:36','Validated',NULL,NULL,NULL,NULL),(534,904,'2020-08-01','','2017-09-04 11:20:29','Validated',NULL,NULL,NULL,NULL),(535,809,'2020-08-01','','2017-09-04 11:24:30','Validated',NULL,NULL,NULL,NULL),(536,920,'2020-08-01','','2017-09-04 11:28:01','Validated',NULL,NULL,NULL,NULL),(537,924,'2020-08-01','','2017-09-04 11:32:17','Validated',NULL,NULL,NULL,NULL),(538,888,'2020-08-01','','2017-09-04 11:32:27','Validated',NULL,NULL,NULL,NULL),(539,862,'2020-08-01','','2017-09-04 11:32:36','Validated',NULL,NULL,NULL,NULL),(540,921,'2020-08-01','','2017-09-04 16:02:28','Validated',NULL,NULL,NULL,NULL),(541,787,'2020-08-01','','2017-09-04 16:25:28','Validated',NULL,NULL,NULL,NULL),(542,879,'2020-08-01','','2017-09-04 16:29:28','Validated',NULL,NULL,NULL,NULL),(543,62,'2020-08-01','','2017-09-11 11:00:56','Validated',NULL,NULL,NULL,NULL),(544,619,'2020-08-01','','2017-09-11 11:01:04','Validated',NULL,NULL,NULL,NULL),(545,708,'2020-08-01','','2017-09-11 11:03:42','Validated',NULL,NULL,NULL,NULL),(546,783,'2020-02-01','','2017-09-18 10:56:39','Paid',NULL,'2017-08-01',550.94,NULL),(547,86,'2016-08-01','','2017-09-29 11:56:33','Validated',NULL,NULL,NULL,NULL),(548,86,'2016-10-01','','2017-09-29 11:57:46','Validated',NULL,NULL,NULL,NULL),(549,661,'2020-09-01','','2017-10-02 16:36:20','Validated',NULL,NULL,NULL,NULL),(550,487,'2020-09-01','','2017-10-02 17:24:49','Validated',NULL,NULL,NULL,NULL),(551,230,'2020-09-01','','2017-10-02 17:25:03','Validated',NULL,NULL,NULL,NULL),(552,518,'2020-09-01','','2017-10-02 17:25:30','Validated',NULL,NULL,NULL,NULL),(553,565,'2020-09-01','','2017-10-02 17:25:58','Validated',NULL,NULL,NULL,NULL),(554,641,'2020-09-01','','2017-10-02 17:29:46','Validated',NULL,NULL,NULL,NULL),(555,646,'2020-09-01','','2017-10-02 17:29:57','Validated',NULL,NULL,NULL,NULL),(556,712,'2020-09-01','','2017-10-02 17:30:19','Validated',NULL,NULL,NULL,NULL),(557,716,'2020-09-01','','2017-10-02 17:30:35','Validated',NULL,NULL,NULL,NULL),(558,723,'2020-09-01','','2017-10-02 17:32:09','Validated',NULL,NULL,NULL,NULL),(559,728,'2020-09-01','','2017-10-02 17:32:31','Validated',NULL,NULL,NULL,NULL),(560,744,'2020-09-01','','2017-10-02 17:33:09','Validated',NULL,NULL,NULL,NULL),(561,760,'2020-09-01','','2017-10-02 17:38:30','Validated',NULL,NULL,NULL,NULL),(562,813,'2020-09-01','','2017-10-02 17:39:36','Validated',NULL,NULL,NULL,NULL),(563,787,'2020-09-01','','2017-10-02 17:39:43','Validated',NULL,NULL,NULL,NULL),(564,798,'2020-09-01','','2017-10-02 17:39:52','Validated',NULL,NULL,NULL,NULL),(565,818,'2020-09-01','','2017-10-02 17:42:31','Validated',NULL,NULL,NULL,NULL),(566,819,'2020-09-01','','2017-10-02 17:44:24','Validated',NULL,NULL,NULL,NULL),(567,828,'2020-09-01','','2017-10-02 17:44:54','Validated',NULL,NULL,NULL,NULL),(568,832,'2020-09-01','','2017-10-02 17:45:21','Validated',NULL,NULL,NULL,NULL),(569,845,'2020-09-01','','2017-10-02 17:46:07','Validated',NULL,NULL,NULL,NULL),(570,857,'2020-09-01','','2017-10-02 17:46:43','Validated',NULL,NULL,NULL,NULL),(571,879,'2020-09-01','','2017-10-02 17:47:00','Validated',NULL,NULL,NULL,NULL),(572,889,'2020-09-01','','2017-10-02 17:47:20','Validated',NULL,NULL,NULL,NULL),(573,895,'2020-09-01','','2017-10-02 17:47:44','Validated',NULL,NULL,NULL,NULL),(574,898,'2020-09-01','','2017-10-02 17:48:24','Validated',NULL,NULL,NULL,NULL),(575,904,'2020-09-01','','2017-10-02 17:48:47','Validated',NULL,NULL,NULL,NULL),(576,931,'2020-09-01','','2017-10-02 17:49:43','Validated',NULL,NULL,NULL,NULL),(577,950,'2020-09-01','','2017-10-03 14:41:43','Validated',NULL,NULL,NULL,NULL),(578,935,'2020-09-01','','2017-10-03 14:45:39','Validated',NULL,NULL,NULL,NULL),(579,952,'2020-09-01','','2017-10-03 16:12:10','Validated',NULL,NULL,NULL,NULL),(580,809,'2020-09-01','','2017-10-03 17:39:15','Validated',NULL,NULL,NULL,NULL),(581,920,'2020-09-01','','2017-10-03 17:39:26','Validated',NULL,NULL,NULL,NULL),(582,922,'2020-09-01','','2017-10-03 17:39:38','Validated',NULL,NULL,NULL,NULL),(583,924,'2020-09-01','','2017-10-03 17:39:50','Validated',NULL,NULL,NULL,NULL),(584,62,'2020-09-01','','2017-10-04 14:43:49','Validated',NULL,NULL,NULL,NULL),(585,708,'2020-09-01','','2017-10-04 14:45:30','Validated',NULL,NULL,NULL,NULL),(586,619,'2020-09-01','','2017-10-04 14:46:52','Validated',NULL,NULL,NULL,NULL),(587,1,'2020-09-01','','2017-12-05 11:50:01','Paid',NULL,'2017-11-30',487.88,NULL),(588,939,'2020-09-01','','2017-10-04 17:45:55','Validated',NULL,NULL,NULL,NULL),(589,957,'2020-09-01','','2017-10-04 18:02:08','Validated',NULL,NULL,NULL,NULL),(590,814,'2020-09-01','','2017-10-04 18:14:46','Validated',NULL,NULL,NULL,NULL),(591,752,'2020-10-01','','2017-11-01 14:25:36','Validated',NULL,NULL,NULL,NULL),(592,935,'2020-10-01','','2017-11-01 14:32:06','Validated',NULL,NULL,NULL,NULL),(593,939,'2020-10-01','','2017-11-01 14:36:57','Validated',NULL,NULL,NULL,NULL),(594,950,'2020-10-01','','2017-11-01 14:40:02','Validated',NULL,NULL,NULL,NULL),(595,960,'2020-10-01','','2017-11-01 15:48:03','Validated',NULL,NULL,NULL,NULL),(596,966,'2020-10-01','','2017-11-01 16:04:36','Validated',NULL,NULL,NULL,NULL),(597,952,'2020-10-01','','2017-11-01 16:10:21','Validated',NULL,NULL,NULL,NULL),(598,230,'2020-10-01','','2017-11-01 16:18:36','Validated',NULL,NULL,NULL,NULL),(599,487,'2020-10-01','','2017-11-01 16:20:36','Validated',NULL,NULL,NULL,NULL),(600,518,'2020-10-01','','2017-11-01 16:21:08','Validated',NULL,NULL,NULL,NULL),(601,641,'2020-10-01','','2017-11-01 16:21:24','Validated',NULL,NULL,NULL,NULL),(602,646,'2020-10-01','','2017-11-01 16:21:46','Validated',NULL,NULL,NULL,NULL),(603,712,'2020-10-01','','2017-11-01 18:18:02','Validated',NULL,NULL,NULL,NULL),(604,716,'2020-10-01','','2017-11-01 18:18:23','Validated',NULL,NULL,NULL,NULL),(605,722,'2020-10-01','','2017-11-01 18:18:29','Validated',NULL,NULL,NULL,NULL),(606,723,'2020-10-01','','2017-11-01 18:19:55','Validated',NULL,NULL,NULL,NULL),(607,728,'2020-10-01','','2017-11-01 18:20:17','Validated',NULL,NULL,NULL,NULL),(608,744,'2020-10-01','','2017-11-01 18:20:34','Validated',NULL,NULL,NULL,NULL),(609,760,'2020-10-01','','2017-11-01 18:20:52','Validated',NULL,NULL,NULL,NULL),(610,787,'2020-10-01','','2017-11-01 18:21:05','Validated',NULL,NULL,NULL,NULL),(611,798,'2020-10-01','','2017-11-01 18:21:25','Validated',NULL,NULL,NULL,NULL),(612,813,'2020-10-01','','2017-11-01 18:21:37','Validated',NULL,NULL,NULL,NULL),(613,818,'2020-10-01','','2017-11-01 18:23:00','Validated',NULL,NULL,NULL,NULL),(614,819,'2020-10-01','','2017-11-01 18:23:26','Validated',NULL,NULL,NULL,NULL),(615,828,'2020-10-01','','2017-11-01 18:23:39','Validated',NULL,NULL,NULL,NULL),(616,832,'2020-10-01','','2017-11-01 18:23:50','Validated',NULL,NULL,NULL,NULL),(617,845,'2020-10-01','','2017-11-01 18:24:04','Validated',NULL,NULL,NULL,NULL),(618,857,'2020-10-01','','2017-11-01 18:24:30','Validated',NULL,NULL,NULL,NULL),(619,879,'2020-10-01','','2017-11-01 18:24:44','Validated',NULL,NULL,NULL,NULL),(620,889,'2020-10-01','','2017-11-01 18:25:05','Validated',NULL,NULL,NULL,NULL),(621,895,'2020-10-01','','2017-11-01 18:26:13','Validated',NULL,NULL,NULL,NULL),(622,898,'2020-10-01','','2017-11-01 18:28:09','Validated',NULL,NULL,NULL,NULL),(623,931,'2020-10-01','','2017-11-01 18:28:53','Validated',NULL,NULL,NULL,NULL),(624,661,'2020-10-01','','2017-11-01 18:29:38','Validated',NULL,NULL,NULL,NULL),(625,955,'2020-10-01','','2017-11-02 11:37:18','Validated',NULL,NULL,NULL,NULL),(626,676,'2020-10-01','','2017-11-02 12:48:04','Validated',NULL,NULL,NULL,NULL),(627,921,'2020-10-01','','2017-11-02 12:49:39','Validated',NULL,NULL,NULL,NULL),(628,1,'2020-10-01','','2017-11-03 12:22:23','Validated',NULL,NULL,NULL,NULL),(629,62,'2020-10-01','','2017-11-03 12:25:01','Validated',NULL,NULL,NULL,NULL),(630,977,'2020-10-01','','2017-11-03 12:26:34','Validated',NULL,NULL,NULL,NULL),(632,569,'2020-07-01','','2017-11-03 15:31:32','Paid',NULL,'2017-10-31',201.50,NULL),(633,708,'2020-10-01','','2017-11-08 10:37:12','Validated',NULL,NULL,NULL,NULL),(634,1,'2020-11-01','','2017-12-04 15:50:16','Validated',NULL,NULL,NULL,NULL),(635,84,'2020-11-01','','2017-12-04 16:07:58','Validated',NULL,NULL,NULL,NULL),(636,977,'2020-11-01','','2017-12-04 16:26:32','Validated',NULL,NULL,NULL,NULL),(637,708,'2020-11-01','','2017-12-05 10:55:12','Validated',NULL,NULL,NULL,NULL),(638,62,'2020-01-01','','2017-12-05 12:08:52','Validated',NULL,NULL,NULL,NULL),(639,752,'2020-11-01','','2017-12-05 17:35:36','Validated',NULL,NULL,NULL,NULL),(640,935,'2020-11-01','','2017-12-05 17:36:17','Validated',NULL,NULL,NULL,NULL),(641,940,'2020-11-01','','2017-12-05 17:48:14','Validated',NULL,NULL,NULL,NULL),(642,950,'2020-11-01','','2017-12-05 17:58:43','Validated',NULL,NULL,NULL,NULL),(643,939,'2020-11-01','','2017-12-05 18:01:47','Validated',NULL,NULL,NULL,NULL),(644,960,'2020-11-01','','2017-12-05 18:02:52','Validated',NULL,NULL,NULL,NULL),(645,966,'2020-11-01','','2017-12-05 18:03:35','Validated',NULL,NULL,NULL,NULL),(646,957,'2020-11-01','','2017-12-06 14:22:02','Validated',NULL,NULL,NULL,NULL),(647,984,'2020-11-01','','2017-12-06 14:40:16','Validated',NULL,NULL,NULL,NULL),(648,487,'2020-11-01','','2017-12-12 12:46:49','Validated',NULL,NULL,NULL,NULL),(649,230,'2020-11-01','','2017-12-12 12:47:28','Validated',NULL,NULL,NULL,NULL),(650,518,'2020-11-01','','2017-12-12 12:47:35','Validated',NULL,NULL,NULL,NULL),(651,641,'2020-11-01','','2017-12-12 12:47:40','Validated',NULL,NULL,NULL,NULL),(652,646,'2020-11-01','','2017-12-12 12:47:49','Validated',NULL,NULL,NULL,NULL),(653,661,'2020-11-01','','2017-12-12 12:48:23','Validated',NULL,NULL,NULL,NULL),(654,712,'2020-11-01','','2017-12-12 12:48:29','Validated',NULL,NULL,NULL,NULL),(655,716,'2020-11-01','','2017-12-12 12:48:35','Validated',NULL,NULL,NULL,NULL),(656,728,'2020-11-01','','2017-12-12 12:48:59','Validated',NULL,NULL,NULL,NULL),(657,744,'2020-11-01','','2017-12-12 12:49:11','Validated',NULL,NULL,NULL,NULL),(658,760,'2020-11-01','','2017-12-12 12:50:04','Validated',NULL,NULL,NULL,NULL),(659,798,'2020-11-01','','2017-12-12 12:50:11','Validated',NULL,NULL,NULL,NULL),(660,813,'2020-11-01','','2017-12-12 12:50:19','Validated',NULL,NULL,NULL,NULL),(661,819,'2020-11-01','','2017-12-12 12:50:30','Validated',NULL,NULL,NULL,NULL),(662,828,'2020-11-01','','2017-12-12 12:50:37','Validated',NULL,NULL,NULL,NULL),(663,832,'2020-11-01','','2017-12-12 12:50:43','Validated',NULL,NULL,NULL,NULL),(664,845,'2020-11-01','','2017-12-12 12:50:49','Validated',NULL,NULL,NULL,NULL),(665,857,'2020-11-01','','2017-12-12 12:50:54','Validated',NULL,NULL,NULL,NULL),(666,879,'2020-11-01','','2017-12-15 10:01:08','Validated',NULL,NULL,NULL,NULL),(667,895,'2020-11-01','','2017-12-15 10:01:16','Validated',NULL,NULL,NULL,NULL),(668,952,'2020-11-01','','2017-12-15 10:02:05','Validated',NULL,NULL,NULL,NULL),(669,931,'2020-11-01','','2017-12-15 10:02:25','Validated',NULL,NULL,NULL,NULL),(670,62,'2020-11-01','','2017-12-15 11:27:01','Validated',NULL,NULL,NULL,NULL),(671,722,'2020-11-01','','2017-12-18 10:41:25','Validated',NULL,NULL,NULL,NULL),(672,619,'2020-10-01','','2017-12-18 18:04:26','Validated',NULL,NULL,NULL,NULL),(673,708,'2020-12-01','','2018-01-02 14:54:53','Validated',NULL,NULL,NULL,NULL),(674,1,'2020-12-01','','2018-01-02 15:04:52','Validated',NULL,NULL,NULL,NULL),(675,4,'2020-12-01','','2018-01-02 15:19:55','Validated',NULL,NULL,NULL,NULL),(676,84,'2020-12-01','','2018-01-02 15:25:13','Validated',NULL,NULL,NULL,NULL),(677,977,'2020-12-01','','2018-01-02 15:28:55','Validated',NULL,NULL,NULL,NULL),(678,646,'2020-12-01','','2018-01-09 11:36:05','Validated',NULL,NULL,NULL,NULL),(679,712,'2020-12-01','','2018-01-09 11:38:07','Validated',NULL,NULL,NULL,NULL),(680,716,'2020-12-01','','2018-01-09 11:39:15','Validated',NULL,NULL,NULL,NULL),(681,760,'2020-12-01','','2018-01-09 11:39:37','Validated',NULL,NULL,NULL,NULL),(682,813,'2020-12-01','','2018-01-09 11:40:19','Validated',NULL,NULL,NULL,NULL),(683,819,'2020-12-01','','2018-01-09 11:41:54','Validated',NULL,NULL,NULL,NULL),(684,828,'2020-12-01','','2018-01-09 11:42:21','Validated',NULL,NULL,NULL,NULL),(685,832,'2020-12-01','','2018-01-09 11:42:41','Validated',NULL,NULL,NULL,NULL),(686,857,'2020-12-01','','2018-01-09 11:43:12','Validated',NULL,NULL,NULL,NULL),(687,879,'2020-12-01','','2018-01-09 11:43:46','Validated',NULL,NULL,NULL,NULL),(688,895,'2020-12-01','','2018-01-09 11:44:12','Validated',NULL,NULL,NULL,NULL),(689,931,'2020-12-01','','2018-01-09 11:44:53','Validated',NULL,NULL,NULL,NULL),(690,809,'2020-12-01','','2018-01-09 11:50:34','Validated',NULL,NULL,NULL,NULL),(691,924,'2020-12-01','','2018-01-09 11:57:44','Validated',NULL,NULL,NULL,NULL),(692,920,'2020-12-01','','2018-01-09 11:58:33','Validated',NULL,NULL,NULL,NULL),(693,676,'2020-12-01','','2018-01-09 12:05:45','Validated',NULL,NULL,NULL,NULL),(694,921,'2020-12-01','','2018-01-09 12:06:46','Validated',NULL,NULL,NULL,NULL),(695,952,'2020-12-01','','2018-01-09 12:19:53','Validated',NULL,NULL,NULL,NULL),(696,487,'2020-12-01','','2018-01-09 12:22:04','Validated',NULL,NULL,NULL,NULL);
/*!40000 ALTER TABLE `providers_validation` ENABLE KEYS */;
UNLOCK TABLES;

--
-- Table structure for table `user`
--

DROP TABLE IF EXISTS `user`;
/*!40101 SET @saved_cs_client     = @@character_set_client */;
/*!50503 SET character_set_client = utf8mb4 */;
CREATE TABLE `user` (
  `id` int(11) NOT NULL AUTO_INCREMENT,
  `username` varchar(255) COLLATE utf8_unicode_ci NOT NULL,
  `password_hash` varchar(60) COLLATE utf8_unicode_ci NOT NULL,
  `auth_key` varchar(32) COLLATE utf8_unicode_ci NOT NULL,
  `email` varchar(255) COLLATE utf8_unicode_ci NOT NULL,
  `confirmed_at` int(11) DEFAULT NULL,
  `unconfirmed_email` varchar(255) COLLATE utf8_unicode_ci DEFAULT NULL,
  `blocked_at` int(11) DEFAULT NULL,
  `registration_ip` varchar(45) COLLATE utf8_unicode_ci DEFAULT NULL,
  `created_at` int(11) NOT NULL,
  `updated_at` int(11) NOT NULL,
  `flags` int(11) NOT NULL DEFAULT '0',
  `last_login_at` int(11) DEFAULT NULL,
  `users_id` int(11) DEFAULT NULL,
  `team_id` int(11) DEFAULT NULL,
  PRIMARY KEY (`id`),
  UNIQUE KEY `user_unique_username` (`username`),
  UNIQUE KEY `user_unique_email` (`email`),
  KEY `fk_user_users1_idx` (`users_id`),
  KEY `fk_user_team1_idx` (`team_id`),
  CONSTRAINT `fk_user_team1` FOREIGN KEY (`team_id`) REFERENCES `team` (`id`) ON DELETE NO ACTION ON UPDATE NO ACTION,
  CONSTRAINT `fk_user_users1` FOREIGN KEY (`users_id`) REFERENCES `users` (`id`) ON DELETE NO ACTION ON UPDATE NO ACTION
) ENGINE=InnoDB AUTO_INCREMENT=19 DEFAULT CHARSET=utf8 COLLATE=utf8_unicode_ci;
/*!40101 SET character_set_client = @saved_cs_client */;

--
-- Dumping data for table `user`
--

LOCK TABLES `user` WRITE;
/*!40000 ALTER TABLE `user` DISABLE KEYS */;
INSERT INTO `user` VALUES (1,'admin','$2y$12$qjV4N5v.MMhoQuwOO7zRfeM39yy.MofAM6GWZ/SVDj37Tdba9vZpC','IdX6Om2L7MRK_Ajy4c8OsS-BAWhbbA_Z','admin@admin.com',1496758288,NULL,NULL,'1.1.1.1',1496758244,1601683285,0,1601685594,1,NULL);
/*!40000 ALTER TABLE `user` ENABLE KEYS */;
UNLOCK TABLES;

--
-- Table structure for table `users`
--

DROP TABLE IF EXISTS `users`;
/*!40101 SET @saved_cs_client     = @@character_set_client */;
/*!50503 SET character_set_client = utf8mb4 */;
CREATE TABLE `users` (
  `id` int(11) NOT NULL AUTO_INCREMENT,
  `username` varchar(128) CHARACTER SET utf8 NOT NULL,
  `password` varchar(128) CHARACTER SET utf8 NOT NULL,
  `email` varchar(128) CHARACTER SET utf8 NOT NULL,
  `name` varchar(128) CHARACTER SET utf8 NOT NULL,
  `lastname` varchar(128) CHARACTER SET utf8 NOT NULL,
  `status` enum('Active','Inactive') CHARACTER SET utf8 NOT NULL DEFAULT 'Active',
  `user_type_id` int(11) NOT NULL,
  PRIMARY KEY (`id`),
  KEY `fk_users_user_type1_idx` (`user_type_id`),
  CONSTRAINT `fk_users_user_type1` FOREIGN KEY (`user_type_id`) REFERENCES `user_type` (`id`) ON DELETE NO ACTION ON UPDATE NO ACTION
) ENGINE=InnoDB AUTO_INCREMENT=313 DEFAULT CHARSET=utf8 COLLATE=utf8_spanish_ci;
/*!40101 SET character_set_client = @saved_cs_client */;

--
-- Dumping data for table `users`
--

LOCK TABLES `users` WRITE;
/*!40000 ALTER TABLE `users` DISABLE KEYS */;
/*!40000 ALTER TABLE `users` ENABLE KEYS */;
UNLOCK TABLES;
/*!40103 SET TIME_ZONE=@OLD_TIME_ZONE */;

/*!40101 SET SQL_MODE=@OLD_SQL_MODE */;
/*!40014 SET FOREIGN_KEY_CHECKS=@OLD_FOREIGN_KEY_CHECKS */;
/*!40014 SET UNIQUE_CHECKS=@OLD_UNIQUE_CHECKS */;
/*!40101 SET CHARACTER_SET_CLIENT=@OLD_CHARACTER_SET_CLIENT */;
/*!40101 SET CHARACTER_SET_RESULTS=@OLD_CHARACTER_SET_RESULTS */;
/*!40101 SET COLLATION_CONNECTION=@OLD_COLLATION_CONNECTION */;
/*!40111 SET SQL_NOTES=@OLD_SQL_NOTES */;

-- Dump completed on 2020-10-02 21:40:52
